cluster_id,cluster_size,members_json
0,30,"[""ATARASII"", ""BAR CAPARROS"", ""BAR LA LOLA"", ""BAR LA VERMUTERIA"", ""BAR MERCADO"", ""BAR MORANA"", ""CAFE DE LA CORONA"", ""DESEO"", ""EL FORNET (GRANOLLERS)"", ""EL GLAM MOMENTS"", ""EL MENÚ"", ""EL MIRALLET"", ""EMPANADA CLUB"", ""FLECA P.BRETCHA (PL. MALUQUER)"", ""FRANKFURT LEO BOECK GRANOLLERS"", ""IBERICUS GRANOLLERS"", ""INSTINT RESTAURANT"", ""KYOMI TEA"", ""LA CAMPERIA"", ""LA VERMOOD"", ""MODERN FOOD"", ""NOU PATUFET"", ""PA TONET"", ""PECADOS"", ""RESTAURANT EL CISNE"", ""RESTAURANTE EL SPOT"", ""TABATA"", ""TAPES"", ""UDON GRANOLLERS"", ""YAO SUSHI""]"
1,30,"[""BAR ARAMAN"", ""BAR BUS STOP"", ""BAR KUNDALINI"", ""BAR LONDEN 2"", ""BAR PIRRI"", ""BAR QUINTO I TAPA"", ""BAR REST. MANLLEU"", ""BAR SEGORB NOU"", ""BAR TAPES I TAPETES"", ""BAR UNIO"", ""BAR VILAMIROSA"", ""BAR WEI"", ""BON PROFIT"", ""CAFE ANTIC"", ""CROISSANTERIA CAPRICI"", ""CROISSANTERIA NACCAR"", ""DÉJÀ VU"", ""E.S MANLLEU"", ""EL MOLINET"", ""El Racó de la Gina"", ""FRANFURT 86"", ""GIOVANNI"", ""GRANJA CAFETERIA ROMA"", ""HLT"", ""JAVIS 3"", ""LES GARGOLES DEL NORD"", ""REST.CAL BATLLE"", ""SALTING GRANOLLERS"", ""VIOS BAR"", ""XAVIER LOPEZ CUINA SENSORIAL""]"
2,30,"[""2 PRINCIPE"", ""ALOE"", ""AREA TRUCK ( SHELL )"", ""AURIAL PADEL"", ""BAR AVINGUDA"", ""BAR CAFETERIA VIC"", ""BAR CAMP DE TIR"", ""BAR PIRINEO"", ""BAR PRIEGO"", ""BAR SANTA ANNA"", ""BAR SOL NOU"", ""BAR TAVERNA D'PAS"", ""BAR ÑAM LLODO"", ""CA LA NATI"", ""CAFETERIA LISA"", ""CAL OCELLAIRES"", ""CAN BERNAT"", ""CASAL DE LA GENT GRAN"", ""CLUB BASQUET VIC"", ""EL RETORN"", ""FONTSECA, BAR"", ""PADEL OSONA GURB"", ""PARENTHESIS"", ""PULIT, S.A"", ""RESTAURANTE SOFIA"", ""SAZON DE LOS APOLOS"", ""TACO BELL VIC"", ""VINS I BEGUDES REMEI"", ""ZONA DIESEL"", ""ZONA DIESEL URBAN""]"
3,30,"[""ALBA AUDIOVISUALS"", ""ATENEU ALIANÇA"", ""BAR CA LA MARI"", ""BAR LA GRANJA"", ""BAR LA PRADERA"", ""BAR SERRA LLIÇA"", ""BAR TOLIN"", ""BAR XEICA"", ""CAFETERIA GAUDEIX"", ""CAN OLIVER BAR"", ""CAN SANO"", ""CLUB ESPORTIU LLIÇA D'AMUNT"", ""CULTURAL LA FABRICA"", ""Ca la Cisca"", ""EL RACO DE LA PETRA"", ""EL SAZON DE ROSARIO"", ""EL TIRO DE GRANOLLERS"", ""GRANJA Ca LA MARÍA"", ""LA LLAR DE FOC I"", ""LA PARDITA"", ""MESON 20 P KA"", ""Madow Shisha Lounge"", ""PADEL ARGELAGUES"", ""PADELIN"", ""PISCINAS LLIÇA DE MUNT"", ""RESTAURANTE MERITXELL"", ""RINCON DEL DUENDE"", ""RSTE. BONA TAULA"", ""RSTE. LA PAGESA"", ""SNACK BAR OASIS""]"
4,30,"[""BAR CAN PLANOLES"", ""BAR EL TROPEZON"", ""BAR ESTACIO SERVEI FEIXES AULET ROD"", ""BAR FOMENT"", ""BAR KOALA"", ""BAR LA MOSSEGADA"", ""BAR LA PARADA"", ""BAR LES VOLTES"", ""BAR LOS CAZADORES MANLLEU"", ""BAR MERCAT"", ""BAR NOU"", ""BAR PUIG-MEALS"", ""BAR RESTAURANT THIANA"", ""BAR SANT SEBASTIA"", ""BAR VILLA"", ""CAFETERIA DULCE DALIA"", ""CAFETERIA PIZZERIA EL PONT"", ""CAMP DE FUTBOL DE RODA"", ""CAN JANOT RESTAURANT"", ""CREPERIA"", ""E.S. RODA ( BOTIGA )"", ""ESPURNA DEL TER"", ""FONDA URGELL"", ""FORN CAN QUEL"", ""IL PICCOLO BIONDO"", ""PARADOR VIC - SAU"", ""PIANOLA BAR"", ""PUB XAUXA"", ""Restaurant El Roquet"", ""Restaurant Fussimanya""]"
5,30,"[""ANGEL BRUGUERA FONT"", ""ANTIC FORN RIERA CENTELLES"", ""BAR AYTA"", ""BAR CAN TON, S.C.P"", ""BAR ELS ESTUDIS"", ""BAR KANGMIYU"", ""BAR OLIVEDA"", ""BODEGA CAPDEVILA"", ""CAMPING LA VALL"", ""CAN PAIROT"", ""CANSALADERIA MOLIST"", ""COLLA GRILLATS"", ""COMERCIAL F.LEIVA"", ""ESCOLA D'HOSTALERIA D'OSONA"", ""Els Angelets de Sobrevia"", ""FORN PUIGVENDRELLO"", ""FUTBOL STA. EULALIA"", ""HOSPITAL DE MANLLEU CAFETERIA"", ""HOSPITAL DE MANLLEU CUINA"", ""INDIA ''ESCLAT''"", ""L'ESTANYOL RESTAURANT"", ""LA FORJA"", ""MASIA LA ROCA"", ""NOVA OFICINA"", ""RESTAURANT CAL XORIGUER"", ""RESTAURANT LA FERRERIA"", ""ROSTISSERIA LA PARADA"", ""Restaurant bar Mundial"", ""SERRAT PLANES BONES"", ""WAYE 66""]"
6,30,"[""AIRE"", ""AUTENTIK’S CAMPO DE FUTBOL"", ""BAR CASAL CAMPRODON"", ""BAR CLAVE"", ""BAR LA PENYA - 2"", ""BAR LA PENYA 1"", ""BAR PETIT"", ""BAR ZEMNU"", ""Bar Gat Negre"", ""Bar Troika"", ""CA L'ANNA"", ""CAL NASIET"", ""CASAL CIVIC TERRASSA"", ""Cafeteria Nova & Gent"", ""DIR SANT CUGAT"", ""Dolç i Salat Cuba"", ""EL DEHESA"", ""EL PUNT DE TROBADA"", ""ELS PAGESOS"", ""FORN CAFETERIA AVENIDA"", ""FORN SANT MIQUEL"", ""FRANKFURT REITER"", ""HOSTAL CAL XIC"", ""HOTEL RESGUARD DELS VENTS"", ""Hotel Solana Del Ter"", ""IBERICUS CENTRAL"", ""INNOGANDO"", ""La Indiana Gastro & Gelato"", ""Pavelló Municipal de Ripoll"", ""Pizzeria Daniele""]"
7,30,"[""BAR DE LA BENZINERA"", ""BAR DE LA BENZINERA HIGIENE"", ""BAR EL TUPÍ"", ""BAR KARNAK"", ""BAR NURIA ST.JULIA VILATORTA"", ""BAR PAVELLO ST JULIA VILATORTA"", ""CA LA NENA"", ""CAFE BAR CA L'ABEL"", ""CAL CISTELLER"", ""CAL TEIXIDOR"", ""CELLER CALLDETENES"", ""COCA DEL MOSSEN"", ""EL RECO D'EN PERE"", ""FORN ANFRUNS PAVICSA"", ""FORN EL VERDAGUER"", ""FORN ESTADI"", ""GUSTUM AREAS 1 (LLEIDA-GIRONA)"", ""GUSTUM AREAS 2 (GIRONA-LLEIDA)"", ""L'ESPAI RESTAURANT"", ""LA COCA DE FOLGUEROLES"", ""LA NOVA LLIMA"", ""LA PIZZETA"", ""MAS L' ALBAREDA"", ""PASTISSERIA CROSSANDRA"", ""RESTAURANT CAN JUBANY"", ""RESTAURANT EL ROSER"", ""RESTAURANT PUIGLAGULLA"", ""Restaurant L'Arumí"", ""SUKIPA"", ""TRINACRIA""]"
12,30,"[""ASSEMBLEA JOVE VIC"", ""ASSOCIACIO CULTURAL SAGALS D'OSONA"", ""BAR CHAPLIN"", ""BAR LA PISTA"", ""BAR LA TASCA"", ""BAR LA TORTUGA"", ""BAR STACJA PL"", ""BAR UE VIC"", ""BOCATTI BAR"", ""BUSVIC"", ""CAFETERIA VIVARI"", ""EL PONT GOTIC"", ""ENTREPA I PA"", ""FORN DE PA EL REMEI"", ""FUSSIMANYA ESTADI"", ""GARBI BISTROT"", ""HOTEL STOP"", ""INDIA RAMBLA"", ""JUDIT SERRA CORCOLL"", ""LA COVA DEL VERMUT"", ""LLAR JUVENIL"", ""LUCKY"", ""PADEL OSONA VIC"", ""PALACIO DE ORIENTE"", ""RESTAURANT CROAKS VIC"", ""ROCK HOUSE"", ""RUKU RESTAURANT"", ""SEGAFREDO"", ""VERNISSAGE"", ""VIC POOL""]"
13,30,"[""AREA DELS PARDALS-GASOLI"", ""AREA VIC BP"", ""BAR CAFETERIA LA PONCELLA"", ""BAR CATALUNYA (ST.JULIA)"", ""BAR GRACE"", ""BAR L'OLLA"", ""BAR LA PLACETA"", ""BAR TREBOL"", ""Bagel Coffee"", ""CAF# DE LES LLETRES, S.C.P"", ""CAFETERIA SANT TOMÀS"", ""CANTABRIA RESTAURANT"", ""CANTINA IES VIC ST TOMAS"", ""EL 9 TONI PETIT"", ""EL CAPUTXI"", ""EL PERNILER"", ""FETNOSTREVIC"", ""FORN DEL CARME"", ""FORN PUJOLS"", ""FORN SANT ALBERT"", ""GRANGES LA CATALANA"", ""LA CABANYA CAFETERIA"", ""LA CABRA BAR"", ""Llegums Cuits Cal Marcel·lí"", ""MINI BRINDIS, BAR"", ""PANADERIA GRANIER"", ""PANIFICADORA VIC, S.A."", ""PRAGMA PROFESSIONAL"", ""RESTAURANT ELS PERNILS"", ""TKBNA""]"
14,30,"[""ALASKA BAR"", ""BAR AUDITORI TEATRE CALLDETENES"", ""BK VIC"", ""BOTING JUMPING PARK"", ""CAFETERIA CATALUNYA"", ""CAFETERIA PRADALS"", ""CLUB POCKET BIKE"", ""E.S VIC"", ""ELS BILLARS VIC"", ""FRANKFURT C'JOAN"", ""GARBI 1 CAFET. ALIMENTACIO"", ""GURBI"", ""HAPPYLANDIAPARK"", ""HOTEL BALMES"", ""INDOORWALL VIC"", ""INDUSTRIA 52"", ""JAUME GIL MARES"", ""L & C"", ""LA DISCO VIG"", ""LA TAGLIATELLA POLIGON"", ""MANLLEUET Cerveseria Restaurant"", ""MGA GP VIC"", ""PIZZERIA TOSCANA"", ""RESTAURANT UNTOK"", ""Restaurant el Punt"", ""SALA LA CABRA"", ""SARABÀ"", ""SUSHI YE"", ""TALLER MECANIC DAVID HOMS"", ""TASTIC BAR""]"
15,30,"[""AAVV SANTA ROSA"", ""AGROBOTIGA DE GALLECS"", ""BAR CAN JULI"", ""BAR ESTACIO RENFE"", ""BAR GABI"", ""BAR L'HORTA VERMELLA"", ""BAR RTE.ZEFIR BEGUDES"", ""BAR TENNIS VIC"", ""BAR UNIVIC"", ""CAL MARCEL-LI"", ""CANDELA"", ""CRISTIAN LORENTE AINAUD"", ""FRANKFURT VIC**"", ""IVAN QUESADA MARTINEZ"", ""IZAKAYA"", ""JOAQUIN QUINTANILLA CARICOL"", ""JUAN JOSE MIRANDA ABRIL"", ""JUAN MANUEL PEREZ SIERRA"", ""LA DIVINA"", ""MIRAMARGES  JOSEP ILLAMOLA VILALTA"", ""Molletveer"", ""PITAPES BERENGUER"", ""PITAPES CALDERI 3 BRANQUES VALLES ,"", ""RAMIREZ BERMUDEZ SERGIO"", ""RAUL MOLIST SANZ"", ""RESTAURANT NOU PAMPLONA"", ""RESTAURANT NOU PAMPLONA HIGIENE"", ""SUSANA CARRASCO PALACINO"", ""TOPIC"", ""VIC HOQUEI CLUB""]"
21,30,"[""80'S SPIRIT"", ""BAR AVENIDA PARETS"", ""BAR CERVECERIA JORDI"", ""BAR COCO"", ""BAR FRANKFURT INSBRUCK"", ""BAR FUTBOL LOURDES"", ""BAR LAS COLUMNAS"", ""BAR LOS EXTREMEÑOS"", ""BAR LOS GALLEGOS"", ""BONATAPA"", ""Bar 20 PA K"", ""Bar Restaurant Tres Roses"", ""CA LA LAURA PLAÇA"", ""CAF# PARIS"", ""CAFETERIA XURRERIA 20 JA"", ""CAN MARIO"", ""CLASSIC CLUB MONTMELO"", ""COREFO (BAR)"", ""EL BART"", ""EUROMED SA"", ""FRANKFURT SANTA MARTA"", ""JOSE PEREZ FERNANDEZ"", ""LA NORIA BAKERY"", ""LA PERGOLA"", ""La Tasca"", ""PASTISSERIA JOAN"", ""PIZZA VALLES"", ""SUPER NABILA PARETS"", ""VERMUTERIA Y TAPERIA CAMACHO"", ""VIKELS""]"
22,30,"[""AKI MISMO"", ""AVITU CAFE"", ""BAR BRICOLAJE DEPOT"", ""BAR CAFETERIA EL TAST"", ""BAR DEL CENTRO"", ""BAR EMPORDA"", ""BAR KEBAR"", ""BAR LA CANTONADA"", ""BAR LA ESQUINITA"", ""BAR NADAL"", ""BAR RESTAURANT LA PLAÇA"", ""BAR STARS"", ""CAN LITU'S"", ""CLUB CAL ARTIGUES"", ""CLUB PETANCA PARETS"", ""EL GRILLAT"", ""FRANKFURT LASA"", ""GRANJA BAR EL MASET"", ""GRANJA D'EN PEP"", ""GRANOLLERS COCINAS"", ""OH LA LA"", ""REST. EL PASO"", ""RESTAURANT BRUNCH"", ""RESTAURANT GUST D'ASIA"", ""RESTAURANTE SIBLINGS"", ""RIEGOS IBERIA REGABER"", ""RSTE. EL JARDI"", ""RSTE. LA GRUILLA"", ""Restaurant Molí de Vent"", ""TANCAMENTS""]"
23,30,"[""ANDALUS"", ""BAR ALEBRIJES"", ""BAR CHAMPANILLO"", ""BAR CUBO VENTALLO"", ""BAR DE L?ILLA"", ""BAR GRANJA VINZIA"", ""BAR LA MARTINA"", ""BAR VAGON 66"", ""CAL DIBUIXANT"", ""CAL JORDI BAR"", ""CAN BOADA RESTAURANT"", ""CASAL CULTURAL DE MOLLET"", ""ESTANCO MOLLET 3"", ""GIN BAR"", ""GIOVANNI GELATERIA"", ""HOPS"", ""ICE CUSTOM"", ""LA BODEGUETA DE MOLLET"", ""LA BONA SORT"", ""LA VERMUTERIA"", ""MANJARI"", ""NOU CUSTOM BAR CAFETERÍA"", ""PALENTINO BAR"", ""PEKIN RESTAURANT"", ""PENYA BARCELONISTA DE MOLLET"", ""PRATS PA (ILLA)"", ""RAJAS TACOS KEHBAD BAR CAFETERIA"", ""RESTAURANT JAPONES SUSHI AKI"", ""RTE JAPONES YOI AJI"", ""TOTEM BAR""]"
25,30,"[""412 COFFEE BEER"", ""BAR CASA PEDRO"", ""BAR GRANJA J.J."", ""BAR LA TIETA"", ""BAR PICASSO"", ""BAR RESTAURANT GAUDI"", ""BRASERIA LA TEJA"", ""CAFETERIA ANGELA"", ""CAFETERIA GRANJA LA CREPE"", ""CAFETERIA PASTELERIA CALDERON"", ""CAN PRAT RESTAURANT"", ""CANSALADERIA CAN MAGRET"", ""CASA MAURA"", ""CELLER DE CAN RODA"", ""COME BIEN RESTAURANTE"", ""CORBION"", ""EL RECO DEL PLA"", ""ESPAI BAR"", ""HERMANOS PADILLA"", ""HOTEL IBIS"", ""INMOBILIARIA BENSOR"", ""LA BONA TECA"", ""LA CUPULA BAR"", ""LA GRANJA"", ""LA ROSA BAR"", ""MARTU CITY"", ""PIZZERIA KEBAB MIL.LENARI"", ""SA I FRESC RESTAURANT"", ""TINO FRANKFURT"", ""XURRERIA CAFETERIA GARBER""]"
26,30,"[""A VOCADOS"", ""BAR LOCALET"", ""BAR MERINO"", ""BINGO CASINO"", ""BUSSINETS DE CUINA"", ""CA LA SETE"", ""CAFE SANT ROC"", ""CAL JIJONERO"", ""CASA FONDA EUROPA"", ""CAVANET"", ""CHARCUTERIA BENITA"", ""DATOTE AL BAGH"", ""Dania’s Bistro & Grill | Granollers"", ""EL REFUGI D´EN CUCH"", ""FRUTOS SECOS LA CLOSCA"", ""GRANJA GROC"", ""Granollers Indian Restaurante"", ""HOLLY'S"", ""KUMAR DONNER KEBAB PIZZERIA"", ""LA GRANJA ( DEGUSTACIO )"", ""LA ROCA VILLAGE RTE PASARELA (GVC)"", ""LA SEDA GRANOLLERS"", ""PALO SANTO COCKTAIL BAR"", ""PITAPES RESTAURANT GRANOLLES"", ""PURE COFFEE"", ""Platillos"", ""RSTE. EL CELLER DE CAN ROS"", ""SUSHI HE GRANOLLERS"", ""TRES TASSES"", ""TSURUTA RAMEN""]"
28,30,"[""BAR EL RECONET"", ""BAR GARCIA"", ""BAR LA RAMBLA"", ""BAR MILANA BRASERIA"", ""BAR NEVADA II"", ""BAR RESTAURANT PAVEPIC"", ""BAR RESTAURANT TROYA"", ""BAR RESTAURANTE MERLY´S"", ""BAR XARANA GRANOLLERS"", ""BAR ZHOU"", ""CAFE#L'ESTONA"", ""CAFETERIA FORN LA FLAIRE"", ""CAFETERIA LA CANTONADA"", ""CAL JOAN"", ""CASA CHUECOS"", ""DONNER POMPEU FABRA"", ""EL RACO DE LES MORERES"", ""FRUTAS Y VERDURAS NAONY'S"", ""KARMA´S"", ""LA BAGUETINA"", ""NUNA´S"", ""PADEL INDOOR GRANOLLERS"", ""PUNTO"", ""RESTAURANTE MELARA"", ""RSTE. PEIX D'OR"", ""SALA NAU B1"", ""SALON GRANOLLERS MACIA - CIRSA"", ""TROBADA"", ""UBOX 2015"", ""VINOUS""]"
34,30,"[""BAR CLEMEN'S"", ""BAR COPACABANA"", ""BAR EL VERMUTILLO"", ""BAR LA TABERNA"", ""BAR LA TACITA DE PLATA"", ""BAR LOS AMIGOS"", ""BAR PAREDES 5"", ""BAR PAREDES I"", ""BAR RESTAURANTE ITACA"", ""BAR RESTAURANTE MORDISQUITO"", ""BAR RUMY"", ""BAR TALGO"", ""BAR TAST GRANOLLERS"", ""BAR TIMANFAYA"", ""BAR TIMANFAYA II"", ""BK GRANOLLERS RONDA SUD"", ""CAL FORNER"", ""COROMINES Coffee & Bakery Brunch"", ""FORN DE PA R. RIUS"", ""FORN EL SAGA"", ""GRANBARA"", ""HG CERVECERIA"", ""PAREDES 4"", ""RECTORIA DE PALAU"", ""RESTAURANTE MINT"", ""RESTAURANTE SANT SADURNI"", ""SALA GRANOLLERS (TORRES) – CIRSA"", ""TEATRE AUDITORI (CATERING)"", ""XICS DE GRANOLLERS"", ""bar cafeteria yaki""]"
35,30,"[""ANATOLIA KEBAB"", ""BAR ATLANTIDA"", ""BAR BIG BAO"", ""BAR BOHEMI"", ""BAR CA LA LAURA"", ""BAR RESTAURANT GIRASOL"", ""CA LA MEI"", ""CAFE VIC"", ""CAFETERIA CIRCUIT D'OSONA"", ""CASINO DE VIC"", ""CELLER DE VIC"", ""DIVICNUS GASTROBAR"", ""EL 33"", ""EL CALIU RESTAURANT (VIC)"", ""EL PORTAL VIC"", ""IMPEVIC EDIFICI EL SUCRE"", ""INSOLIT"", ""L'ORIGEN"", ""LA GRANJA BAR"", ""LA TAVERNA D'EN NORTON"", ""LE PETIT KOALA"", ""PIZZERIA BRASERIA LA FLAMA"", ""PLANES BONES"", ""RACO DE L'IBERIC**"", ""RESTAURANT CASA MEXICO"", ""SAKURA II"", ""SNACK (VIC)"", ""Samsara Buffet lliure"", ""THE NEW ORLEANS"", ""Vilar Riba - Vic""]"
36,30,"[""' EL NOU' TOÓ RICO"", ""ARTICAT(FANTASIAS Y SONRISAS)"", ""BAR JALEY BAKERY"", ""BAR L,OREIG (HOTEL CAN CAMPA)"", ""BAR MAJOR 47"", ""BAR PLAZA GRAN"", ""BOKAO"", ""BRASERIA CAMPINS"", ""BRUNCH 4.12 MUSIC"", ""CAFETERIA ZURICH"", ""CAL TETE SANT FOST"", ""DELS CASTANYERS RESTAURANT"", ""FAMILIAR BAR RESTAURANTE"", ""FLECA LA FLORIDA"", ""FRANKFURT II VELEZ"", ""Forn La Miranda coffe & Beer"", ""GRANJA VINALLONGA"", ""LA BRUIXETA"", ""LA GIRALDA"", ""LOS CUESTAS"", ""MERCAT DEL CARME BAR"", ""MERENDERO CAN XEC"", ""OASIS"", ""PASTELERIA CAFETERIA ELENA"", ""RACÓ DE SANT FOST"", ""RESTAURANTE MARCOS"", ""SANLUQUEÑOS BAR"", ""SUPERMERCADO GASOLINERA DISCAU"", ""SUPERMERCAT MAJOR"", ""VALLES DONER KEBAB""]"
37,30,"[""BAR CAMP FUTBOL ST VICENÇ TORELLO"", ""BAR CASAL ST. VICEN#"", ""BAR EL CAFETO"", ""BAR MONTSERRAT"", ""BAR RACO JUVENIL"", ""BAR TORNEM-HI"", ""BAR TSE-TSE"", ""BAR XINO XANO"", ""BIG BAG"", ""CA L'ANGEL BAR"", ""CAFE LA PLAÇA"", ""CAFETERIA BUGATTI"", ""CASAL VILASECA"", ""CASANOVA DEL CASTELL"", ""DESIG"", ""EL BISTROT DEL FIRAL"", ""EL CASTELL DE BESORA"", ""EL GAT BAR"", ""ELS ENLLETATS"", ""FORN PUJADES"", ""LA PEDREGADA"", ""LA TAVERNA"", ""Latitud 42"", ""MARINA BAR"", ""PADEL INDOOR TORELLO"", ""PUERTO DULCE"", ""RESTAURANT AL GRA"", ""RESTAURANT CAL PAGES"", ""RESTAURANT LA BISAURA"", ""SPORT BAR (SANT QUIRZE)""]"
39,30,"[""AMBIGU"", ""ANDRADES JIMENEZ MANUEL"", ""ANTONIO DIAZ AGUILA"", ""BAR 28"", ""BAR CAFETERIA RICOMA"", ""BAR ISLA CRISTINA"", ""BAR LA CUCA"", ""BAR LOS HERMANOS."", ""BAR SALON DEPORTIVO"", ""Bar Baudilio"", ""Bar Tapas Bike"", ""CAFE BAR LA FONT"", ""CAN SALA"", ""CARLOS JUNCA SÁNCHEZ"", ""CHURROS CRUZ"", ""DISTRIDAM"", ""EL MORDISKITO MONTORNES"", ""GRANJA SANTIAGO"", ""JJ BAR"", ""JOSE MARIA SORIA JURADO"", ""JOSE QUILES CARRERAS"", ""LA PLAÇA BAR"", ""LLUIS CORS BOIX"", ""MIREIA ESTEVEZ CABANILLAS"", ""MONTSERRAT PEREZ HERRERA"", ""NOU HOLIDAYS"", ""RSTE. LA CABAÑA"", ""RTE. CA LA POLI"", ""SANTOS QUILES HORTAL"", ""WOOD & COFFEE""]"
49,30,"[""(RESTAURANT) SPORT & HEALTH OXIGEN"", ""ALORA"", ""BAR ALASKA"", ""BAR BOTE"", ""BAR CAMPO FUTBOL MONTMELO"", ""BAR MARIA"", ""BAR OLIMPIC MOLLET"", ""BODEGA CAMELOT"", ""Bar Els 4 Vents"", ""Bar Restaurante L'Arpa"", ""CASA TOI"", ""CRISTINA BAR"", ""EL LORO CHARLY RESTAURANT"", ""FLECA BRETCHA (HOSPITAL)"", ""FORN L'ANTIC"", ""FORN VALERO"", ""HOTEL CIUTAT DE GRANOLLERS"", ""LES TRES COPES RESTAURANT"", ""MONTSENY GRANJA BAR"", ""NOU TOÓ RICO (MONTMELÓ)"", ""PADEL SPORTS & HEALTH OXIGEN"", ""PEPE.COM"", ""RESTAURANT 69KDIRES"", ""RESTAURANTE BUENA SUERTE"", ""RESTAURANTE RAMASSA"", ""RESTAURANTE XAP"", ""RUSTIK GASTRO BAR"", ""TAPETES BAR"", ""TENTACION BAR (2007)"", ""Venecia""]"
50,30,"[""B&B"", ""BAR FUSINA"", ""BAR LAURA"", ""BAR REST EL TAST"", ""BOTANIC & FRUITS, S.L."", ""Bar La Parada c/ bisbe morgades"", ""CAFE PASTISSERIA BRUGUER"", ""CAFE SAMSARA"", ""CAFETERIA ATREZZO"", ""CAFETERIA SANT JORDI"", ""CAL GAT CAFETERIA RESTAURANT"", ""CARBO"", ""CASA TEVA"", ""CINEMES SUCRE"", ""CITY ARMS"", ""COFFEE & BAKERY CAN PAU"", ""EL MOLI"", ""El Celler d'en Miquel"", ""FORN CATALUNYA"", ""GRANJA XOCOLATERIA''LA CLAU"", ""L'INDIÀ CAFETERIA"", ""LA BONA TAULA"", ""LA CAFE"", ""LA CIUTAT DELS SANTS"", ""LA MANDUCA"", ""PUNT DONER KEBAB"", ""RESTAURANT EL XIC"", ""TAJ MAHAL"", ""TRESONA XXI"", ""Vacanal Jubany - Hamburgueseria""]"
58,30,"[""BAR  EL NOU TUNEL"", ""BAR CAFETERIA EL DOMI"", ""BAR CAFETERIA KALESSY"", ""BAR EL VERMUTILLO II"", ""BAR LA CANTINA"", ""BAR LAMIA"", ""BAR LAS TAPAS"", ""BAR RESTAURANT CAN CHEN"", ""BAR RESTAURANTE CAL DAVID"", ""BAR TRIANA"", ""BAR VITA"", ""BAR YUMEI II"", ""CAFE LEO"", ""CAN BIN RESTAURANTE"", ""EL RACO DE LA VIKI"", ""FLECA P.BRETCHA (CAN BASSA)"", ""FORN DE PA MARGARIDA"", ""FORN LA CARMEN"", ""FRANKFURT LA PLAÇA"", ""GRANA BAR BY DUMAS"", ""GRANJA LA NOU"", ""HOTEL ATENEA VALLES"", ""IMPERIAL"", ""INDOORWALL GRANOLLERS"", ""RESTAURANTE ANATOLIA"", ""RESTAURANTE EL FOGON"", ""RESTAURANTE VII"", ""RTE AYOPAYA"", ""TAVERNA TATXIN TATXIN"", ""TEATRE AUDITORI DE GRANOLLERS-BAR""]"
60,30,"[""755_SUBLIME"", ""ALAIA COFFE BAR"", ""BACROM"", ""BAR ACROPOLIS"", ""BAR ALMANSA"", ""BAR CA LA XIANG"", ""BAR EL DOFI"", ""BAR FRAYMAN"", ""BAR GALICIA"", ""BAR LOS ARCES"", ""BAR NOMAD"", ""BAR RESTAURANTE FRETES"", ""BAR SAGITARIO"", ""BOCA JUNIOR"", ""BROTHERS"", ""CAFETERIA ESCLAT"", ""CAN RAJOLER"", ""CTRO.ELS TIL.LERS"", ""CUENCA BAR"", ""EL JARDI DE GALLECS"", ""ENERGY BAR  & RESTAURANTE"", ""EUREST COLECTIVIDADES (MERCK)"", ""GRACIELA PANADERIA-CAFETERIA"", ""LA FLECA D'EN GREC"", ""LLEVANTPARK SL"", ""MAFALDA"", ""PETIT CAFE"", ""RACO DEL SEMI CACHOPO"", ""RESTAURANTE EUROPEO CONGOST"", ""SABOR MANABITA (COSTAVERDE)""]"
62,30,"[""BAR CAFETERIA LOS DOS 961"", ""BAR CAN CERVANTES"", ""BAR EPORA 2"", ""BAR INDELALBA"", ""BAR JALEY (PARETS)"", ""BAR JUAQUIN"", ""BAR LOS CAZADORES (GRANOLLERS)"", ""BAR RESTAURANTE A PICOS"", ""BAR SAN ANTONIO"", ""BONA TAPA"", ""CAFETERIA JALEY"", ""CAFETERIA LUISIANA"", ""CAFETERIA PANADERIA + QUE PA"", ""CAMPO FUTBOL PARETS"", ""CAN MOREU"", ""CELLER DEL FERRER"", ""COFFEE YAGUNA"", ""FORNO DI CAFFE VIVALDI"", ""FRANKFURT JAVIS II"", ""GRUP TESI"", ""LA PLANCHA ÑAM ÑAM"", ""LAS PISTAS BAR"", ""MUSIC CLUB RADIKAL"", ""NETSTAL IBERICA SA"", ""PAPUA COLL DE LA MANYA"", ""PUB EVENING"", ""RESTAURANTE EL SOL"", ""RESTAURANTE PALOU"", ""ROCA UMBERT FABRICA DELS ARTS"", ""TAPAS KEBAB""]"
65,30,"[""AUTORACING MOLLET, S.L."", ""BAR BRANNINGAM"", ""BAR BY DUNAS MOLLET"", ""BAR EBANO"", ""BAR MEJIAS"", ""BAR NIKOL"", ""BAR PHILADELPHIA"", ""BAR PRUNERES"", ""BAR RESTAURANTE NEORIS"", ""BAR TABERNA PARAISO RIM"", ""CA LA MARI ROSTISERIA"", ""CAFETERIA UMAMI"", ""CAFÉ PLAÇA"", ""Confidencial"", ""DISTRIBUIDORA DE PRODUCTOS NATURALE"", ""EL REFUGIO"", ""EUROPA BAR"", ""GRANJA ESTEL"", ""JULIS BAR"", ""LA GOLOSA BAR"", ""LA PERA BAR"", ""LA PRUNA"", ""LA TAVERNA DE CAN PANTIQUET"", ""MARFA BAR"", ""MARIETA RESTAURANT"", ""ORRIOLS FORN DE PA"", ""TALLERS CAN MULA"", ""TASTY DONNER KEBAB"", ""WONCA BURGUER"", ""ZAMORA BAR""]"
67,30,"[""ALHAMBRA 57"", ""BAR BISHOP"", ""BAR GRANADA"", ""BAR KARAI"", ""BAR POR EJEMPLO"", ""Bar 4 Puertas"", ""CAL TAPA GASTROBAR"", ""CANTINA RENFE SANT FOST"", ""CHUS RESTAURANT"", ""EL GARBI BAR"", ""EL RACO DEL MERCAT"", ""ESTUDIANTIL BAR"", ""EVA RESTAURANT"", ""FRANKFURT MOLLET SL"", ""FUSSION"", ""GRANJA CORAL"", ""HOLA K TAL"", ""LA BELLA CALABRIA - PIZZERIA RESTAU"", ""LA TASCA BAR"", ""MANEL BAR"", ""MING BAR RESTAURANTE"", ""OH PALADAR"", ""PA I CAFETERIA L'AVIA ESTACION"", ""PAQUI FORN DE PA"", ""PLAZA DONER KEBAB"", ""RECO DE LAURA"", ""RTE CHINO TA HAO MEN"", ""TREBOL BRUNCH"", ""VENECIA BAR"", ""XURRERIA""]"
69,30,"[""AQUI MATEIX"", ""BAR AMISTAD"", ""BAR CAN MOI"", ""BAR EL TACO"", ""BAR LA CAVERNA"", ""BAR LA GAVINA"", ""BAR LA PLAÇA LES FRANQUESES"", ""BAR MIRADOR"", ""BAR OLIMPIC"", ""BAR PAREDES 4"", ""BON QUALITAT"", ""Bar Plata"", ""Bar libra"", ""CAFE ORIENT EXPRESS"", ""CAFETERIA DEGUSTACION LA CANTONADA"", ""CAN MANEL"", ""CARNICERIA RODRIGUEZ"", ""Casal Avis Extremadura"", ""DDI PROVEA SL (BARCELONA)"", ""EL BAR DE LA ISA"", ""FLECA BRETCHA (CORRO D'AVALL)"", ""FLECA P.BRETCHA (BELLAVISTA)"", ""FRANKFURT ARIES"", ""LA TASKA DE CARMEN"", ""LAPONIA CAFE"", ""PASTISSERIA CAN GANDUXER"", ""RESTAURANTE GRAN MURALLA"", ""RSTE. CHINO GRAN MUNDO"", ""RSTE. MESON BELLAVISTA"", ""TAPES GRANOLLERS PICA VINS""]"
70,30,"[""BAR BODEGA ALVAREZ"", ""BAR CAFETERIA ATLAS"", ""BAR CULIBLANCO - CAMPO FUTBOL ATLET"", ""BAR EL GARAJE"", ""BAR JOAN"", ""BAR LA GRALLA"", ""BAR LA TACITA"", ""BAR LINARES"", ""BAR RESTAURANTE XIAN"", ""BAR RTE DOCTÑE"", ""BAR YUMEI"", ""BAR CABALLERO (OCAÑA)"", ""BK GRANOLLERS"", ""Bar Refugio"", ""CAL QUIM"", ""CIRCUITO DE CATALUNYA"", ""CLUB PADEL MONTMELO"", ""EPICUS BAR"", ""EZEQUIEL GUARDIOLA DOÑA"", ""KIWI"", ""L,ESTACIO DE SERVEI"", ""MIXU#S CAT CAFE"", ""PARADIS GRANJA"", ""PIZZERIA MAYOR"", ""QUATREPAMS"", ""RAIGUER III"", ""RESTAURANTE EL CAU"", ""RESTAURANTE LA GRESCA"", ""SERGIO MORENO LIEBANA"", ""SHINGARI SUSHI BAR""]"
73,30,"[""BAR CAN BORRELL"", ""BAR DE TAPES"", ""BAR ESPERANZA"", ""BAR LA BONA SORT ( CAN BORELL )"", ""BAR TRANSIT"", ""Bar El Parque"", ""Bar la Cantonada"", ""Bar restaurante Nacha"", ""CAFETERIA TAHOMA"", ""CERVESERIA CIUTAT"", ""EL RINCON DEL SOCIO"", ""ESTANC MOLLET 2"", ""EXTREMEÑOS BAR"", ""FAMILY GRANJA BAR"", ""FORN DE PA EMY"", ""HALCON BAR"", ""HOMER BAR GRANJA"", ""INDUSTRIAS QUIMICAS DEL VALLES"", ""KAPHIY BRUNCH"", ""LA GAMBA BAR"", ""NOU CAPRICCIO"", ""NOVA PALMERA"", ""NUEVO VITORINO"", ""PA I CAFETERIA DE L'AVIA"", ""PARAISO BAR"", ""PUNT DE TROBADA"", ""RESTAURANT KENFIR"", ""RSTE. L'OLIVE"", ""RSTE. YOLANDA"", ""TREBOL CERVECERIA""]"
10,29,"[""AGROBOTIGA RODA, SL"", ""BAR LA PUÇA"", ""BAR REST.EL CENACHERO"", ""BAR RESTAURANT EL GOT"", ""BAR SNACK"", ""CABANYA MIR"", ""CAL JUTGE"", ""CAN BRANQUES RESTAURANT, S."", ""CAN LIRO"", ""CARNS I EMBOTITS EMPAR"", ""CLUB DARDS BESORA"", ""DROGUERIA JUNYENT"", ""EL BARETU"", ""EL REBOST DE L'ISABEL"", ""EL SERRADET BAR"", ""ELS FOGONS DE LA NEUS"", ""ENGRUNA POUSA"", ""FORN CAN COMA"", ""GLOBAL ART COOKING"", ""HOSPITAL DE VIC CAFETERIA"", ""HOSPITAL DE VIC CUINA"", ""HOSTAL NOU"", ""L'AURO"", ""L'OLLA ROSTIDORIA"", ""LLAVORS I CEREALS FONT"", ""PISCINES SANT QUIRZE"", ""RESTAURANT DORCA"", ""RESTAURANT EL SANTUARI"", ""RESTAURANT ELS AVETS""]"
53,29,"[""BAR ALIANÇA"", ""BAR CAFETERIA LLIÇÀ D’AMUNT"", ""BAR LA CANYA - 3"", ""BAR LA PETRA II"", ""BAR LA TAHONA"", ""BAR PARC DEL TENES"", ""BAR ROMERO"", ""BAR TONYSA"", ""BAR ZONA ZERO"", ""CAFETERIA LONDONET"", ""CARNICERIA CANADELL"", ""CHACHI'S BAR"", ""CULTURAL CAN ROVIRA"", ""Casal de la Gent Gran de Palaudàrie"", ""DAHLIA PASTISSERIA"", ""DIVERSUS GASTRONOMIA"", ""FLECA BRETCHA (LLIÇA DE MUNT)"", ""FRANFURT 151"", ""FRANKFURT LA CANYA"", ""HOSTAL SERRA"", ""KAIA"", ""LA TAVERNA DEL ULTIMO HEAVY"", ""LOS EXTREMEÑOS"", ""MAISON DU GRAIN (LLISA AMUNT)"", ""MAISON DU GRAIN (STA EULALIA)"", ""PISCINAS LES CREMADES"", ""Restaurante Adela de Lliçà d'Amunt"", ""THE JOSE'S BAR PARETS"", ""TRIVI´S BAR""]"
57,29,"[""ASSOCIACIO DIABLES DEL PONT VELL"", ""BAR CAMP FUTBOL ST PERE TORELLO"", ""BAR CANIGO"", ""BAR COOPERATIVA"", ""BAR DOBLE Z"", ""BAR EL CASAL"", ""BAR NO HO SE"", ""BAR PUNT DE TROBADA"", ""BAR XANIA"", ""BAR XICRA"", ""BRASSERIA EL TRIANGLE COHO"", ""CAFE DE L'ESGLESIA"", ""CAL NAN"", ""CARLOS OLMOS MONZON"", ""CASAL GENT GRAN ST.VICENÇ TORELLO"", ""DCAFE"", ""FERRO"", ""FONDA VILASECA"", ""FOOD TRUCK"", ""FORN ANTIGA CASA PRAT"", ""FRANKFURT ES-3"", ""HORDES SPT"", ""JORDI FERNANDEZ GODOY"", ""KBCIK"", ""LA LLAVOR"", ""PENSIO EL TREVOL"", ""PRIMER EXPRESS"", ""SANTUARI DE BELLMUNT"", ""SUPERMERCAT ROVIRA""]"
117,7,"[""Delight Coffee"", ""FRANCISCO JOSE SANCHEZ ORTEGA"", ""JUAN JAVIER PONCE"", ""MARC ANGLADA PORTET"", ""MARIA LUISA MUÑOZ CARO"", ""SONIA FRANCAS SANTIAGO"", ""Somni d'estiu bar""]"
135,7,"[""BAR RESTAURANTE LE VIS#N"", ""BAR?JOAN?PRIM"", ""ESPORTS CLUB GRANOLLERS"", ""FLECA P.BRETCHA (C/ GIRONA)"", ""GARDEN PIZZA (GRANOLLERS)"", ""RESTAURANT 'LES ARCADES'"", ""XAVISAN""]"
141,7,"[""ANDALUCIA BAR RTE.(C.11 SETEMBRE)"", ""BAR CORALEX"", ""BAR CRISTASOL  (Kebab Esquina)"", ""BK MOLLET"", ""CABAÑA DEL TIO TOM BAR"", ""CORDOBES BAR"", ""RENFE NORD CANTINA""]"
106,5,"[""AUTENTIK'S"", ""CLUB DE GOLF SANT CUGAT"", ""CLUB PADEL MIR"", ""Club Tennis Barcino"", ""VALERO VALLES""]"
146,5,"[""CACHITO PAN"", ""GRAN EMPERADOR RESTAURANTE CHINO"", ""RIVOLI CERVECERIA"", ""SOL Y LUNA"", ""XARRUP BAR""]"
103,4,"[""ALFREDO PARODI FURHMAN"", ""Roberto Ferrando Martínez"", ""VENDES MAGATZEM"", ""XAVIER FERRANDIZ RIBA""]"
132,4,"[""Asso. Gent Gran Llissa de Munt"", ""BAR LA MIRANDA"", ""La Sala"", ""RESTAURANTE LOS ANGELES""]"
18,3,"[""BAR MALENO II"", ""BAR RUI"", ""RESTAURANT NOU CAP MANY""]"
90,3,"[""CAFETERIA CAL ELVIRA"", ""CLUB DE FUTBOL MARTORELLES"", ""LA FLOR MARISQUERIA""]"
144,3,"[""BAR EL TUBO"", ""Centre Vallès"", ""FLECA BRETCHA (PSG. MONTANYA)""]"
148,3,"[""BAR PLAZA PUEBLO"", ""Forn de Pa Gaba"", ""RESTAURANTE INJA""]"
156,3,"[""Bar Castillo"", ""LA PINYA BAR"", ""Pool""]"
161,3,"[""Bar Tissana"", ""JAUME COSTA"", ""TANCAMENTS USART-COMA""]"
166,3,"[""BAR BY DUMAS MOLLET"", ""BCC LOUNGE"", ""PRATS PA""]"
43,2,"[""PENYA ELS BARTOMEUS"", ""PEÑA PERE ANTON""]"
61,2,"[""BAR LOS CAZADORES"", ""Kisema""]"
89,2,"[""B-VIKY"", ""BAR FLORIDA""]"
104,2,"[""Bar Restaurant Can Parlet"", ""Iris café""]"
121,2,"[""ESTANCO MONTCADA"", ""FELIUBADALO""]"
122,2,"[""DOLC I SALAT MATARO"", ""EL 9 LLAC""]"
125,2,"[""OBSEQUIOS EVENTOS TURIA"", ""OSONA CUINA""]"
126,2,"[""903100 PLASTICOS TA-TAY"", ""El Racó d'en Joan""]"
140,2,"[""BAR \""LA OCA\"""", ""BAR CAN MONIC""]"
150,2,"[""DAVID FORN DE PA I PASTISSERIA"", ""U.D. MOLLETENSE""]"
155,2,"[""BRACAFE"", ""TENTACION II""]"
158,2,"[""COLLA DELS MORATS"", ""COLLA DELS TORRATS""]"
165,2,"[""ENTRE TAPAS"", ""LOS TERESITOS""]"
167,1,"[""ANA MARIA FONT COLL""]"
168,1,"[""CASAL AVIS MASIA CAN CARRANCA JUNTA""]"
169,1,"[""CASTELLERS DE MOLLET""]"
170,1,"[""CHATARRAS MOLICAL  SL""]"
171,1,"[""COOPERATIVA GUISSONA""]"
172,1,"[""Comercial  Bebidas Burj SL""]"
173,1,"[""DAVID SEGOVIA ARMERO""]"
174,1,"[""EL SERRAT DEL FIGAR#""]"
175,1,"[""FLECA DIVINA PASTORA""]"
176,1,"[""FRIT RAVICH, S.L.""]"
177,1,"[""Federació Catalana de Patinatge (FC""]"
178,1,"[""GUERMAN KAZANNIKOV KAZANNIKOV""]"
179,1,"[""HEBRON""]"
180,1,"[""JOSE ESCABIAS OSORIO""]"
181,1,"[""JULIO ALEJANDRO SANCHEZ FERNANDEZ""]"
182,1,"[""LOVIC OSONA""]"
183,1,"[""MATADERO FRIGORIFICO AVINYO""]"
184,1,"[""OBSEQUIOS EVENTOS DEPORTIVOS DAMM""]"
185,1,"[""OSCAR REDONDO LORENZO""]"
186,1,"[""RESTAURANT food hub""]"
187,1,"[""ZONA ACAMPADA CIRCUIT CATALUNYA""]"
