query,lat,lon,error
"CARRER SUSQUEDA 18, 08500 VIC, Spain",41.9543606,2.2787408,
"Carrer Torelló 57, 08500 VIC, Spain",41.9339248,2.2664487,
"CALLE MATARO S/N, 08500 VIC, Spain",41.9400424,2.2503642,
"CTRA. SANT HIPÒLIT 61, 08500 VIC, Spain",41.943396,2.253052,
"Carrer de Figueres 1"CTRA. SANT HIPÒLIT 61, 08500 VIC, Spain",41.9432633,2.2524996,
"Carrer de Figueres 14, 08500 VIC, Spain",41.9427456,2.2515181,
"Carrer de Francesc Pla el Vigatà 1, 08500 VIC, Spain",,,"InsufficientResponseError(""Nominatim could not geocode query 'Carrer de Francesc Pla el Vigatà 1, 08500 VIC, Spain'."")"
"Carrer del Mas de la Móra 9, 08500 VIC, Spain",,,"InsufficientResponseError(""Nominatim could not geocode query 'Carrer del Mas de la Móra 9, 08500 VIC, Spain'."")"
"Carrer Santiago Ramon y Cajal 93, 08500 VIC, Spain",41.94402,2.2596812,
"Carrer de Lleida 35, 08500 VIC, Spain",41.9463972,2.2688014,
"Avinguda de Pius XII 11, 08500 VIC, Spain",41.9232104,2.2535786,
"AVENIDA OLIMPIA S/N, 08500 VIC, Spain",,,"InsufficientResponseError(""Nominatim could not geocode query 'AVENIDA OLIMPIA S/N, 08500 VIC, Spain'."")"
"CALLE DOCTOR JUNYENT 8, 08500 VIC, Spain",,,"InsufficientResponseError(""Nominatim could not geocode query 'CALLE DOCTOR JUNYENT 8, 08500 VIC, Spain'."")"
"CALLE LA LLOTJA 9, 08500 VIC, Spain",,,"InsufficientResponseError(""Nominatim could not geocode query 'CALLE LA LLOTJA 9, 08500 VIC, Spain'."")"
"Carrer del Pare Coll 2, 08500 VIC, Spain",41.9352856,2.253249,
8500 VIC, Spain",41.922476,2.256675,
"CALLE RIPOLL 67, 08500 VIC, Spain",41.9469832,2.2576833,
"AVENIDA ESTADI 13, 08500 VIC, Spain",41.920862,2.25453,
"AVENIDA PIUS XII 18, 08500 VIC, Spain",41.923405,2.254285,
"CALLE RAIMON D'ABADAL 23, 08500 VIC, Spain",41.921799,2.250583,
"CALLE VIRREI AVILES 28, 08500 VIC, Spain",41.921572,2.251135,
"CALLE MIRAMARGES 1, 08500 VIC, Spain",41.932564,2.248021,
"CALLE SABADELL 04-jun, 08500 VIC, Spain",41.940418,2.252714,
"CALLE SOLEDAT 4, 08500 VIC, Spain",41.926452,2.255081,
"ESCOLA 12, 08500 VIC, Spain",41.93233725852713,2.248581807105943,
"RAMBLA PASSEIG 10, 08500 VIC, Spain",41.930446,2.255879,
"Carrer de Gurb 36, 08500 VIC, Spain",41.932088,2.2527112,
"CALLE TORELLO 25, 08500 VIC, Spain",41.930831,2.265361,
"PLAZA PES 6, 08500 VIC, Spain",41.930091,2.255038,
"RODA 95, 08500 VIC, Spain",41.955296,2.281823,
"CALLE ERMITA DE SANT SIXT 11, 08500 VIC, Spain",41.92862,2.243415,
"AVENIDA SANT BERNAT CALBO 23, 08500 VIC, Spain",41.93506,2.258767,
"CALLE SANTA JOAQUIMA DE VEDRUNA 29, 08500 VIC, Spain",41.930347,2.259699,
"Carretera de Manlleu 7, 08500 VIC, Spain",41.9366846,2.2548685,
"RAMBLA DAVALLADES 21, 08500 VIC, Spain",41.9311045,2.2532078,
"CALLE DOCTOR JUNYENT S/N, 08500 VIC, Spain",41.93233725852713,2.248581807105943,
"CALLE MANLLEU 5, 08500 VIC, Spain",41.931448,2.255183,
"CARRETERA PRATS DE LLUÇANES 2, 08500 VIC, Spain",41.9278558,2.2444589,
"CALLE LA LLOTJA 3, 08500 VIC, Spain",41.927238,2.246768,
"CALLE RIERA 5, 08500 VIC, Spain",41.929871,2.253769,
"PLAZA SANTS MARTIRS 12, 08500 VIC, Spain",41.931105,2.258059,
"CALLE BISBE MORGADES 36, 08500 VIC, Spain",41.931667,2.250674,
"PLAZA PIETAT 8, 08500 VIC, Spain",41.929046,2.256428,
"Carretera de Manlleu 90, 08500 VIC, Spain",41.9366846,2.2548685,
"CALLE FRANCESC PLA EL VIGATA 6, 08500 VIC, Spain",41.93626,2.260873,
"Carretera de Roda 61, 08500 VIC, Spain",41.9350958,2.2636353,
"Plaça de la Pietat 1, 08500 VIC, Spain",41.9290103,2.2568623,
"RONDA FRANCESC CAMPRODON 5, 08500 VIC, Spain",41.934212,2.256218,
"CALLE TAGAMANENT 1, 08500 VIC, Spain",41.919983,2.25679,
"AVENIDA PAISOS CATALANS 82, 08500 VIC, Spain",41.919934,2.25832,
"Carretera de Roda 97, 08500 VIC, Spain",41.9350958,2.2636353,
"RAMON SALA I SAÇALA 15, 08500 VIC, Spain",41.936175,2.261355,
"Rambla de Sant Domènec 1, 08500 VIC, Spain",41.927968,2.2525867,
"Carrer de Manuel Serra i Moret 4, 08500 VIC, Spain",41.93233725852713,2.248581807105943,
"Carrer de Mataró 5, 08500 VIC, Spain",41.9400424,2.2503642,
"Avinguda de l'Abat Marcet 251, 08225 TERRASSA, Spain",41.5742054,2.0038024,
"Carrer de Berenguer III S/N, 08100 MOLLET DEL VALLES, Spain",41.5393484,2.2130934,
"CALLE BERENGUER III 58, 08100 MOLLET DEL VALLÈS, Spain",41.5373566,2.213943,
"Plaça Major 9, 08100 MOLLET DEL VALLES, Spain",41.5364182,2.2108199,
"CALLE REC DE DALT 21-23, 08100 MOLLET DEL VALLES, Spain",41.5487678,2.2261548,
"AVENIDA RAFAEL CASANOVA 8, 08100 MOLLET DEL VALLES, Spain",41.537922,2.210948,
"CALLE FRANCESC FERRER I GUARDIA 9, 08100 MOLLET DEL VALLÈS, Spain",41.5487496,2.2080131,
"CALLE JOAQUIM MIR 49, 08100 MOLLET DEL VALLÈS, Spain",41.547076,2.218556,
"Carrer de Can Flequer 17, 08100 MOLLET DEL VALLES, Spain",41.5442014,2.2214794,
"Via de Ronda 73, 08100 MOLLET DEL VALLÈS, Spain",41.5407351,2.2076723,
"CALLE RAFAEL CASANOVAS 81, 08100 MOLLET DEL VALLES, Spain",41.5393484,2.2130934,
"PLAZA PRAT DE LA RIBA 21, 08100 MOLLET DEL VALLES, Spain",41.538483,2.213333,
"RAMBLA DE BALMES 16, 08100 MOLLET DEL VALLES, Spain",41.5374013,2.2144027,
"AVENIDA BURGOS 63, 08100 MOLLET DEL VALLES, Spain",41.532789,2.208107,
"PLAZA PRAT DE LA RIBA 20, 08100 MOLLET DEL VALLES, Spain",41.5385494,2.2134024,
"PLAZA CATALUNYA 9, 08100 MOLLET DEL VALLES, Spain",41.538065,2.213204,
"Carrer de Joaquim Mir 53, 08100 MOLLET DEL VALLES, Spain",41.547142,2.218735,
"Carrer de Joan Maragall 19, 08100 MOLLET DEL VALLES, Spain",41.5365029,2.2064397,
"Carrer de Gallecs 71, 08100 MOLLET DEL VALLES, Spain",41.5479653,2.2076124,
"RONDA 7, 08100 MOLLET DEL VALLES, Spain",41.5440412,2.2127912,
"CALLE CAN PARERA 22, 08100 MOLLET DEL VALLES, Spain",41.5393484,2.2130934,
"CALLE PROVENÇA 200, 08226 TERRASSA, Spain",41.58278,2.023791,
"CALLE LAS CREMADES S/N, 08140 CALDES DE MONTBUI, Spain",41.632265,2.1676442,
"CARRETERA D'OLOT 7, 08560 MANLLEU, Spain",42.0016502,2.2872329,
"LUGAR BRUGUERA S/N, 08560 MANLLEU, Spain",41.9999811,2.2841159,
"Carrer de Doña Blanca 168, 08560 MANLLEU, Spain",42.0065077,2.2797769,
"Carretera d'Olot 7, 08560 MANLLEU, Spain",42.0016502,2.2872329,
"CALLE DOCTOR FLEMING 20, 08560 MANLLEU, Spain",42.002098,2.283213,
"Plaça de Fra Bernadí 32, 08560 MANLLEU, Spain",42.000381,2.284384,
"CARRER PINTOR GUARDIA 6, 08560 MANLLEU, Spain",42.0082431,2.2817483,
"Carretera d'Olot 50, 08560 MANLLEU, Spain",42.001834,2.288971,
"Carrer de Vélez Rubio 12, 08918 BADALONA, Spain",41.4356616,2.2269093,
"TORRES I BAGES 1-3, 08402 GRANOLLERS, Spain",41.6100748,2.29038,
"Carrer d'Apel·les Mestres 2, 08402 GRANOLLERS, Spain",41.6152476,2.2917312,
"CALLE MONTSENY 10, 08402 GRANOLLERS, Spain",41.609937,2.302422,
"CALLE SANT ROC 19, 08402 GRANOLLERS, Spain",41.608373,2.288528,
"PLAZA JOSEP SERRAT I BONASTRE S/N, 08402 GRANOLLERS, Spain",41.599622,2.290592,
"Carrer d'Emili Botey Alsina 22, 08402 GRANOLLERS, Spain",41.5975345,2.2884292,
"Carrer de Girona 90, 08402 Granollers, Spain",41.6125316,2.2915374,
"AVENIDA SANT ESTEVE 35, 08402 GRANOLLERS, Spain",41.603624,2.290688,
"Carrer de Girona 4, 08402 GRANOLLERS, Spain",41.6172361,2.2933222,
"CALLE FRANCESC DE MACIÃ€ I LLUSS 44, 08402 GRANOLLERS, Spain",41.604364993478264,2.2908451760869566,
"CALLE CONESTABLE DE PORTUGAL 13, 08402 GRANOLLERS, Spain",41.60521,2.2894,
"CALLE EMILI BOTEY ALSINA 24, 08402 GRANOLLERS, Spain",41.5975345,2.2884292,
"Rambla Josep Tarradellas 5, 08402 GRANOLLERS, Spain",41.606404,2.291615,
"Carrer Llevant 2, 08110 MONTCADA I REIXAC, Spain",41.4772111,2.1886164,
"Passeig del Pitort 103, 08860 CASTELLDEFELS, Spain",41.2715237,1.9778551,
"ARAGON 12, 08520 FRANQUESES DEL VALLES (LES), Spain",41.637318,2.311531,
"CARRETERA DE RIBES, N-152 131, 08520 LES FRANQUESES DEL VALLÈS, Spain",41.6475034,2.3066306,
"CALLE SANTA ESPERAN#A 11, 08401 GRANOLLERS, Spain",41.607645,2.288409,
"PLAZA PORXADA 39, 08401 GRANOLLERS, Spain",41.6078892,2.2867308,
"CALLE JOAN PRIM 177, 08401 GRANOLLERS, Spain",41.614776,2.290676,
"CALLE SANT JOSEP 5, 08401 GRANOLLERS, Spain",41.607455,2.284676,
"CALLE DE CORRO 192, 08401 GRANOLLERS, Spain",41.614132,2.290084,
"Carrer de Pompeu Fabra 15, 08401 GRANOLLERS, Spain",41.6092088,2.2844133,
"CALLE SANT ROC 29, 08401 GRANOLLERS, Spain",41.6083389,2.2884352,
"Avinguda del camí de la fontsan S/N, 08572 SANT PERE DE TORELLÓ, Spain",42.0754755,2.2955862,
"Plaça Sant Fortià 2, 08570 TORELLÓ, Spain",42.049808,2.262882,
"Carrer Joaquim Blume 13, 08105 SANT FOST DE CAMPSENTELLES, Spain",41.5144672,2.23653,
"AVENIDA PAISOS CATALANS S/N, 08186 LLIÇÀ D'AMUNT, Spain",41.613213,2.240444,
"PLAZA PAU PICASSO 9, 08170 MONTORNÈS DEL VALLÈS, Spain",41.541771,2.26847,
"Avinguda de l'Onze de Setembre 36, 08170 MONTORNÈS DEL VALLÈS, Spain",41.544579,2.266807,
"PLAZA MOSSEN PERE BATLLE 9, 08150 PARETS DEL VALLES, Spain",41.573347,2.235706,
"Carrer de Joan XXIII 4, 08107 MARTORELLES, Spain",41.5274308,2.2428345,
"Passeig de la Conca de Besòs 33, 08403 GRANOLLERS, Spain",41.603069,2.278425,
"Carrer d'Anselm Clavé 70, 08186 LLIÇÀ D'AMUNT, Spain",41.6230442,2.2365817,
"B-500 Km 6, 08105 SANT FOST DE CAMPSENTELLE, Spain",41.514619366535435,2.2399775700787403,
"Carrer Major 64, 08170 MONTORNÈS DEL VALLÈS, Spain",41.5424778,2.265765,
"Avinguda de la Mare de Déu de Mo 26, 08170 MONTORNÈS DEL VALLÈS, Spain",41.541311,2.263102,
"PLAZA MIL.LENARI 8, 08160 MONTMELÓ, Spain",41.5540986,2.2431038,
"Avinguda de Sant Julià 201, 08403 GRANOLLERS, Spain",41.581938,2.273835,
"Carrer de Mary Santpere 1, 08150 PARETS DEL VALLES, Spain",41.565083,2.2272296,
"Carrer Lluís Companys 4, 08160 MONTMELÓ, Spain",41.5524089,2.2444788,
"Carrer de Conestable de Portugal 8, 08150 PARETS DEL VALLES, Spain",41.5729887,2.2329289,
"Avinguda de la Ribera 6, 08503 GURB, Spain",41.9432338,2.2487465,
"Carretera BV-5224 1, 08572 SANT PERE DE TORELLÓ, Spain",42.072149,2.291302,
"Carrer Matagalls 75, 08508 LES MASIES DE VOLTREGÀ, Spain",42.0085305,2.2416134,
"CARRETERA N260 KM.118 KM 118, 17534 RIBES DE FRESER, Spain",42.3057283,2.167817,
"CALLE BARCELONA 10, 08551 TONA, Spain",41.84994,2.228088,
"CALLE NOU S/N, 08505 SANTA EULÀLIA DE RIUPRIMER, Spain",41.908882,2.1899086,
"CALLE VILAMITJANA S/N, 08571 SANT VICENÇ DE TORELLÓ, Spain",42.0633689,2.2708776,
"CALLE GRACIA 12, 08573 ORÍS, Spain",42.0571713,2.2386438,
"PLAZA CAL FERRER 14, 08571 SANT VICENÇ DE TORELLÓ, Spain",42.062189,2.273413,
"Carrer del Ter 172, 08570 TORELLÓ, Spain",42.0502768,2.2484512,
"CALLE MAJOR 4, 08571 SANT VICEN# DE TORELLO, Spain",42.0746119,2.2966718,
"CARRETERA VIDRA 2, 08580 SANT QUIRZE DE BESORA, Spain",42.1159925,2.2329126,
"CALLE CAN CASARRAMONA 26, 08570 TORELLÓ, Spain",42.051936,2.244769,
"CARRETERA BERGA 31, 08580 SANT QUIRZE DE BESORA, Spain",42.099679,2.215962,
"PLAZA LA SARDANA S/N, 08570 TORELLÓ, Spain",42.0478304,2.2643391,
"CALLE GIRONA 33, 08570 TORELLÓ, Spain",42.052349,2.252188,
"CALLE ENRIC PRAT DE LA RIBA 7, 08570 TORELLÓ, Spain",42.048832,2.263831,
"Carrer de Vila-Seca 12, 08571 Vila-seca, Spain",42.0642954,2.2505389,
"Avinguda de l'Atlàntida 8, 08519 FOLGUEROLES, Spain",41.9380717,2.3175688,
"Carrer del Bisbe Castanyer 15, 08572 SANT PERE DE TORELLÓ, Spain",42.075184,2.296201,
"CARRETERA N-141 D S/N, 08506 CALLDETENES, Spain",41.9257651,2.2834318,
"CALLE MARQUES DE PALMEROLA 7, 08508 LES MASIES DE VOLTREGÀ, Spain",42.003638,2.240438,
"CALLE GRAN 1, 08506 CALLDETENES, Spain",41.925271,2.283881,
"Carrer d'en Bac de Roda 45, 08510 RODA DE TER, Spain",41.9814126,2.3096755,
"CALLE SANT ROC 29, 08503 GURB, Spain",41.940371,2.23945,
"CARRETERA SANT HILARI S/N, 08506 CALLDETENES, Spain",41.9258887,2.2792104,
"CALLE VERDAGUER 2, 08572 SANT PERE DE TORELLÓ, Spain",42.075218,2.29677,
"LUGAR HOSTAL NOU 1, 08503 GURB, Spain",41.969284,2.299297,
"CALLE SANT BARTOMEU 34, 08570 TORELLÓ, Spain",42.046312,2.265631,
"AVENIDA BALNEARI, S/N S/N, 08551 TONA, Spain",41.849465,2.228366,
"MAJOR 1, 08150 PARETS DEL VALLES, Spain",41.573002,2.233908,
"MAJOR 70, 08170 MONTORNES DEL VALLES, Spain",41.541405,2.268666,
"PORXO CAN XAMBRERS, S/N -, 08104 GALLECS, Spain",41.5643783,2.1948193,
"CALLE GARRAF 5, 08185 LLI#A DE VALL, Spain",41.578505,2.22932,
"CALLE GRAN VIAL 19-25, 08160 MONTMELÓ, Spain",41.547887,2.254429,
"Centro Comercial La Roca Villag S/N, 08430 SANTA AGNES DE MALANYANES, Spain",41.598299,2.3469974,
"CALLE NURIA 12, 08504 SANT JULIÀ DE VILATORTA, Spain",41.9231156,2.3244213,
"CALLE SOCOS 20, 08540 CENTELLES, Spain",41.796716,2.218901,
"Carrer de Sant Agustí 13, 08512 SANT HIPÒLIT DE VOLTREGÀ, Spain",42.0157367,2.2428525,
"PLAZA VELLA 11, 08570 TORELLÓ, Spain",42.046379,2.262004,
"CALLE GES D'AVALL 4, 08570 TORELLÓ, Spain",42.04676,2.261599,
"Carrer Barcelona 1, 08508 LES MASIES DE VOLTREGÀ, Spain",42.0163676,2.2451322,
"Ponent 59, 08400 GRANOLLERS, Spain",41.612889,2.286942,
"CALLE FOLCH I TORRES S/N, 08160 MONTMELÓ, Spain",41.5515189,2.2480812,
"CARRETERA DE PARETS A BIGUES I KM 8, 08186 LLIÇA DE MUNT, Spain",41.609371595,2.2243725199999997,
"BV-5006 5006, 08106 SANTA MARIA DE MARTORELLES, Spain",41.524215,2.247227,
"CALLE CARRERADA 1, 08107 MARTORELLES, Spain",41.533594,2.234378,
"CALLE DOCTOR FERRAN 3, 08160 MONTMELÓ, Spain",41.568615,2.231564,
"MASIA CAN CARRANCA S/N -, 08107 MARTORELLES, Spain",41.52851,2.2374755,
"JOANOT MARTORELL 32, 08400 GRANOLLERS, Spain",41.611131,2.277737,
"Avinguda de Catalunya 111, 08150 PARETS DEL VALLES, Spain",41.5577591,2.2274657,
"CAN FENOSA 1-2 -, 08107 MARTORELLES, Spain",41.535518,2.237087,
"CALLE TORRENT DE CAN NINOU 1, 08150 PARETS DEL VALLES, Spain",41.578107,2.245355,
"Avinguda de la Llibertat 30, 08100 MOLLET DEL VALLES, Spain",41.5338114,2.2103053,
"CALLE GAIETA VINZIA 76, 08100 MOLLET DEL VALLÈS, Spain",41.5417587,2.2096754,
"JOAN MARAGALL 17, 08100 MOLLET DEL VALLÈS, Spain",41.5367615,2.2064101,
"CALLE JOAQUIM MIR 57, 08100 MOLLET DEL VALLES, Spain",41.547942,2.2194241,
"CALLE GALLECS 50, 08100 MOLLET DEL VALLES, Spain",41.546887,2.208399,
"Avinguda de la Llibertat 12, 08100 MOLLET DEL VALLES, Spain",41.5369045,2.2119365,
"RAMBLA POMPEU FABRA 40, 08100 MOLLET DEL VALLES, Spain",41.5408673,2.2191655,
"Passatge Sant Miquel 10, 08100 MOLLET DEL VALLES, Spain",41.5373051,2.2120439,
"Rambla de Pompeu Fabra 14, 08100 MOLLET DEL VALLES, Spain",41.5388602,2.2176096,
"CALLE CAN PANTIQUET 22, 08100 MOLLET DEL VALLES, Spain",41.544126,2.218215,
"CALLE JOAN MARAGALL S/N, 08100 MOLLET DEL VALLES, Spain",41.5332231,2.2068737,
"Ronda d'Orient 1, 08100 MOLLET DEL VALLES, Spain",41.5335078,2.2176302,
"AVENIDA JAUME I 166, 08100 MOLLET DEL VALLES, Spain",41.542684,2.216178,
"CARRETERA C-17 S/N, 08100 MOLLET DEL VALLES, Spain",41.551196,2.223986,
"AVENIDA RABASSAIRES 40, 08100 MOLLET DEL VALLÈS, Spain",41.540712,2.222108,
"Avinguda de Can Prat s/n, 08100 MOLLET DEL VALLES, Spain",41.5397125,2.2243481,
"CL QUARTER NORD 1, 08100 MOLLET DEL VALLES, Spain",41.55519,2.227346,
"CALLE FERRO 33, 08100 MOLLET DEL VALLES, Spain",41.550897,2.232691,
"P.I. CAN MAGAROLA, CTRA. NAC 152, K, 08100 MOLLET DEL VALLES, Spain",41.55797,2.230448,
"CALLE ANSELM CLAVE 43, 08100 MOLLET DEL VALLES, Spain",41.5401113,2.2166876,
"AVENIDA CALDERO 48, 08100 MOLLET DEL VALLES, Spain",41.535289,2.21273,
"Carrer de Marià Fortuny 38, 08100 MOLLET DEL VALLES, Spain",41.5393484,2.2130934,
"Carrer de Lluís Duran 20, 08100 MOLLET DEL VALLES, Spain",41.536787,2.2135311,
"Avinguda Badalona 18, 08100 MOLLET DEL VALLES, Spain",41.534038,2.21102,
"CALLE FRANCESC MACIA 51, 08100 MOLLET DEL VALLES, Spain",41.534785,2.215567,
"CALLE ONZE DE SETEMBRE 26, 08100 MOLLET DEL VALLES, Spain",41.557802,2.223408,
"CALLE GAIETA VINZIA 11, 08100 MOLLET DEL VALLES, Spain",41.5399187,2.2118764,
"NICARAGUA S/N -, 08100 MOLLET DEL VALLES, Spain",41.548998,2.2052385,
"AVENIDA LLIBERTAT 14, 08100 MOLLET DEL VALLES, Spain",41.536624,2.211875,
"CALLE GAIETA VINZIA 81, 08100 MOLLET DEL VALLES, Spain",41.5413828,2.2099163,
"FRANCESC CAMBO 21 -, 08100 MOLLET DEL VALLES, Spain",41.5393929,2.2108804,
"CALLE MOSSOS D'ESQUADRA 4, 08100 MOLLET DEL VALLES, Spain",41.555525,2.227652,
"CALLE PAU CLARIS 19, 08100 MOLLET DEL VALLES, Spain",41.536442,2.213238,
"Carrer de Joan Brossa 7, 08100 MOLLET DEL VALLES, Spain",41.5393484,2.2130934,
"CALLE ONZE DE SETEMBRE 28, 08100 MOLLET DEL VALLES, Spain",41.557902,2.2234,
"Carrer de Saragossa 1, 08100 MOLLET DEL VALLES, Spain",41.5398093,2.2101021,
"CALLE BERENGUER III 57, 08100 MOLLET DEL VALLES, Spain",41.536236,2.215648,
"BERENGUER III 98, 08100 MOLLET DEL VALLES, Spain",41.536285,2.215335,
"ITALIA 46, 08100 MOLLET DEL VALLES, Spain",41.533902,2.213819,
"RONDA ORIENT 8, 08100 MOLLET DEL VALLES, Spain",41.5334748,2.2175419,
"CALLE FRANCESC MACIA 89, 08100 MOLLET DEL VALLÈS, Spain",41.533704,2.217034,
"CALLE LA RIERA 13, 08100 MOLLET DEL VALLES, Spain",41.536485,2.217522,
"RAMBLA POMPEU FABRA 10, 08100 MOLLET DEL VALLES, Spain",41.5385546,2.2173766,
"Antoni Gaudi 10, 08100 MOLLET DEL VALLES, Spain",41.5446079,2.217888,
"Carrer de Jaume Coll 3, 08100 MOLLET DEL VALLES, Spain",41.5458365,2.2069974,
"PASAJE LA PAU S/N, 08100 MOLLET DEL VALLES, Spain",41.5393484,2.2130934,
"RAMBLA POMPEU FABRA 7, 08100 MOLLET DEL VALLES, Spain",41.546403,2.2214413,
"CALLE GALLECS 58, 08100 MOLLET DEL VALLES, Spain",41.548026,2.207937,
"CALLE CAN PANTIQUET 26, 08100 MOLLET DEL VALLES, Spain",41.544357,2.21845,
"Plaça de Prat de la Riba 11, 08100 MOLLET DEL VALLES, Spain",41.5388501,2.2135294,
"Avinguda de Rivoli 24, 08100 MOLLET DEL VALLES, Spain",41.5467073,2.20806,
"CERVANTES 19-23, 08100 MOLLET DEL VALLES, Spain",41.5432985,2.2095811,
"CALLE GALLECS 64, 08100 MOLLET DEL VALLES, Spain",41.5484192,2.2077722,
"AVENIDA CALDES DE MONTBUI 18, 08100 MOLLET DEL VALLES, Spain",41.5434164,2.2076969,
"CALLE JAUME COLL 9, 08100 MOLLET DEL VALLES, Spain",41.5465437,2.2066997,
"AGRICULTURA 9, 08100 MOLLET DEL VALLES, Spain",41.526917,2.233278,
"PRAT DE LA RIBA 13, 08100 MOLLET DEL VALLES, Spain",41.538791,2.21358,
"CALLE PERE RAMON 1, 08100 MOLLET DEL VALLES, Spain",41.539015,2.212883,
"Plaça de Prat de la Riba 12, 08100 MOLLET DEL VALLES, Spain",41.538822,2.213551,
"CALLE AGRICULTURA 18, 08100 MOLLET DEL VALLES, Spain",41.5448735,2.2053181,
"CALLE SALVADOR ESPRIU 30, 08100 MOLLET DEL VALLES, Spain",41.5473369,2.2059142,
"CALLE CLAUDI ARAÑO I ARAÑO 17, 08100 MOLLET DEL VALLES, Spain",41.553149,2.232206,
"AVENIDA ANTONI GAUDI 30-32, 08100 MOLLET DEL VALLES, Spain",41.546598,2.219778,
"Passatge de l'Ombra 1, 08100 MOLLET DEL VALLÈS, Spain",41.5407251,2.2048761,
"AVENIDA RABASSAIRES 46-50, 08100 MOLLET DEL VALLES, Spain",41.541545,2.22264,
"AVENIDA JAUME I 3-5, 08100 MOLLET DEL VALLES, Spain",41.5381711,2.2113157,
"CALLE AGRICULTURA 37, 08100 MOLLET DEL VALLES, Spain",41.544893,2.206331,
"AVENIDA ANTONI GAUDI 46, 08100 MOLLET DEL VALLES, Spain",41.547292,2.220505,
"CAN MOLLET 1, 08100 MOLLET DEL VALLES, Spain",41.542748,2.217555,
"CALLE ENRIC MORERA 37, 08100 MOLLET DEL VALLES, Spain",41.5434316,2.2186104,
"AVENIDA JAUME I 154, 08100 MOLLET DEL VALLES, Spain",41.542487,2.215686,
"RAMBLA POMPEU FABRA 4, 08100 MOLLET DEL VALLÈS, Spain",41.546403,2.2214413,
"CALLE FRANCESC LAYRET 65, 08100 MOLLET DEL VALLES, Spain",41.5469903,2.2035472,
"Passeig de la Ronda 7, 08100 MOLLET DEL VALLES, Spain",41.5393484,2.2130934,
"Carrer de Sant Jordi 56, 08100 MOLLET DEL VALLES, Spain",41.5409278,2.2081578,
"Avinguda de Caldes de Montbui 17, 08100 MOLLET DEL VALLES, Spain",41.545072,2.2056984,
"Carrer de Sant Llorenç 52, 08100 MOLLET DEL VALLES, Spain",41.5416294,2.2110669,
"Carrer de Salvador Espriu 7, 08100 MOLLET DEL VALLES, Spain",41.5475361,2.2076759,
"CALLE SALVADOR ESPRIU 38, 08100 MOLLET DEL VALLES, Spain",41.5469943,2.2044719,
"Carrer de Sant Ramon 36, 08100 MOLLET DEL VALLES, Spain",41.533315,2.2153872,
"Avinguda d'Antoni Gaudí 12, 08100 Mollet del Vallès, Spain",41.5446936,2.217975,
"Carrer de la Pau 28, 08100 MOLLET DEL VALLES, Spain",41.5380416,2.2141858,
"Carrer de Gaietà Ventalló 33, 08100 MOLLET DEL VALLES, Spain",41.5396242,2.2145983,
"Carrer del Ferrocarril 80, 08100 MOLLET DEL VALLES, Spain",41.54167,2.2073608,
"CALLE PAU VILA 12, 08100 MOLLET DEL VALLES, Spain",41.5459864,2.210377,
"Carrer d'Anselm Clavé 15, 08100 MOLLET DEL VALLES, Spain",41.538729,2.2143873,
"Carrer de Gallecs 47, 08100 MOLLET DEL VALLES, Spain",41.5460003,2.2087202,
"Carrer de Gaietà Vínzia 20, 08100 MOLLET DEL VALLES, Spain",41.5402135,2.2117422,
"Carrer de l'Agricultura 11, 08100 MOLLET DEL VALLES, Spain",41.5457329,2.207969,
"Carrer de Claudi Arañó i Arañó 17, 08100 MOLLET DEL VALLES, Spain",41.5536075,2.2301146,
"Carrer de Francesc Ferrer i Guàr 21, 08100 MOLLET DEL VALLES, Spain",41.5484695,2.2068016,
"Rambla Nova 93, 08100 MOLLET DEL VALLES, Spain",41.5396122,2.2099801,
"Avinguda del Parc 1, 08100 MOLLET DEL VALLES, Spain",41.5449562,2.212899,
"Carrer de Francesc Macià 62, 08100 MOLLET DEL VALLES, Spain",41.5348907,2.2146578,
"AVENIDA CALDES DE MONTBUI 21, 08100 MOLLET DEL VALLES, Spain",41.545615,2.205411,
"Carrer de Francesc Layret 28, 08100 MOLLET DEL VALLES, Spain",41.5472792,2.2037207,
"Carrer de la Pau 21, 08100 MOLLET DEL VALLES, Spain",41.5379929,2.2145252,
"Carrer de Gallecs 75, 08100 MOLLET DEL VALLES, Spain",41.5483739,2.2074409,
"Carrer de Francesc Layret 71, 08100 MOLLET DEL VALLES, Spain",41.5474286,2.203361,
"Carrer de Francesc Layret 6, 08100 MOLLET DEL VALLES, Spain",41.5448415,2.2047268,
"Carrer Jaume Coll 5, 08100 MOLLET DEL VALLES, Spain",41.5460519,2.2069067,
"Carrer de Can Pantiquet S/N, 08100 MOLLET DEL VALLES, Spain",41.545883,2.2198936,
"AVENIDA ANTONI GAUDI 62, 08100 MOLLET DEL VALLES, Spain",41.548025,2.220474,
"Avinguda de Jaume I 156, 08100 MOLLET DEL VALLES, Spain",41.5426487,2.2153762,
"Carrer de Berenguer III 156, 08100 POLINYÀ, Spain",41.5350301,2.2170964,
"Plaza mayor 5, 08100 MOLLET DEL VALLES, Spain",41.534138,2.205235,
"Carrer de Gaietà Vínzia 44, 08100 MOLLET DEL VALLES, Spain",41.5408021,2.2109429,
"CAMINO CAN VILA S/N, 08100 MOLLET DEL VALLES, Spain",41.538162,2.188592,
"FERROCARRIL 52 -, 08100 MOLLET DEL VALLES, Spain",41.543014,2.2102571,
"MENENDEZ I PELAYO 1, 08500 VIC, Spain",41.925209,2.260566,
"PASEO GENERALITAT 37, 08500 VIC, Spain",41.922158,2.253092,
"PLAZA PIETAT 2, 08500 VIC, Spain",41.9290103,2.2568623,
"RAMBLA PASSEIG 7, 08500 VIC, Spain",41.930778,2.255954,
"Carrer de Jacint Verdaguer 28, 08500 VIC, Spain",41.9308683,2.2506089,
"PLAZA ESTACIO S/N, 08500 VIC, Spain",41.9311315,2.2495527,
"Carrer Sant Segimon 22, 08500 VIC, Spain",41.929604,2.2611937,
"CALLE CANIGO 70, 08500 VIC, Spain",41.930991,2.264154,
"CALLE JACINT VERDAGUER 27, 08500 VIC, Spain",41.9307,2.250269,
"PLAZA MAJOR 21, 08500 VIC, Spain",41.931083,2.254282,
"CARRER DE LA CIUTAT S/N, 08500 VIC, Spain",41.9297448,2.2551163,
"Carrer de la Riera 30, 08500 VIC, Spain",41.9294084,2.2535593,
"Avinguda d'Olímpia 7, 08500 VIC, Spain",41.9331258,2.241895,
"Carrer de la Providència 23, 08500 VIC, Spain",41.9218069,2.2567384,
"CARRETERA DE VIC 217, 08500 VIC, Spain",41.9433682,2.2574209,
"Rambla de les Davallades 8, 08500 VIC, Spain",41.9306512,2.2531684,
"Masia Camí de Planes Bones S/N, 08500 SENTFORES, Spain",41.9385521,2.2515617,
"CALLE RIPOLL 53, 08500 VIC, Spain",41.946631,2.256116,
"Carrer de la Indústria 52, 08500 VIC, Spain",41.9299119,2.2633601,
"Carrer de Montserrat 20, 08500 VIC, Spain",41.9283142,2.262875,
"Carrer de les Carnisseries 34, 08500 VIC, Spain",41.9300495,2.255549,
"Carrer Sant Segimon 14, 08500 VIC, Spain",41.9298,2.261045,
"Carrer del Pare Gallissà 4, 08500 VIC, Spain",41.932414,2.2495429,
"C/RAMON D'ABADAL 21, 08500 VIC, Spain",41.918615,2.25854,
"Call Nou 9, 08500 VIC, Spain",41.932093,2.255917,
"CARRER DEL VIRREI AVILÉS 6, 08500 VIC, Spain",41.9348658,2.2479643,
"PASEO GENERALITAT 44, 08500 VIC, Spain",41.921473,2.252451,
"CALLE SOLSONA 4, 08500 VIC, Spain",41.9390433,2.2530946,
"PASEO GENERALITAT 15, 08500 VIC, Spain",41.923615,2.253572,
"CALLE ENRIC PRAT DE LA RIBA 49, 08500 VIC, Spain",41.93233725852713,2.248581807105943,
"PASEO GENERALITAT 8, 08500 VIC, Spain",41.924525,2.253412,
"PASAJE PLA DEL REMEI 11, 08500 VIC, Spain",41.989353,2.312179,
"CARRETERA BV-5213 KM 10, 08500 VIC, Spain",41.93233725852713,2.248581807105943,
"Plaça Major 36, 08500 VIC, Spain",41.930416,2.25504,
"CALLE MOSSEN LLUIS ROMEU 1, 08500 VIC, Spain",41.922901,2.256865,
"Passeig de la Generalitat 10, 08500 VIC, Spain",41.9243653,2.2535594,
"Carrer de Jaume Munmany 27, 08500 VIC, Spain",41.924671,2.2587748,
"CALLE CABRERES 2, 08500 VIC, Spain",41.949691,2.281538,
"Avinguda d'Olímpia 15, 08500 VIC, Spain",41.9325704,2.2394937,
"CALLE SAU 9, 08500 VIC, Spain",41.946287,2.28285,
"CALLE CAN PAU RABA 1, 08500 VIC, Spain",41.930735,2.264134,
"CARRETERA PRATS DE LLUÇANES 14, 08500 VIC, Spain",41.9276164,2.2415345,
"Carretera de Roda 1, 08500 VIC, Spain",41.9350958,2.2636353,
"Carrer Mossèn Josep Gudiol 21, 08500 VIC, Spain",41.9293919,2.2490203,
"PLAZA PARE MILLAN S/N, 08500 VIC, Spain",41.93233725852713,2.248581807105943,
"Carrer dels Corretgers 4, 08500 VIC, Spain",41.9292412,2.2559144,
"CALLE ARQUEBISBE ALEMANY 24, 08500 VIC, Spain",41.93196,2.251246,
"CALLE MANLLEU 40, 08500 VIC, Spain",41.932505,2.255497,
"CALLE SANT MIQUEL DELS SANTS 1, 08500 VIC, Spain",41.9297992,2.2547534,
"CALLE DUES SOLES 8, 08500 VIC, Spain",41.9293424,2.2581703,
"CALLE MIRAMARGES 8, 08500 VIC, Spain",41.9325803,2.2479662,
"RAMBLA HOSPITAL 8, 08500 VIC, Spain",41.929976,2.252739,
"CALLE ARGENTERS 4, 08500 VIC, Spain",41.9304438,2.2552323,
"CALLE MISERICORDIA 4, 08500 VIC, Spain",41.93134,2.258587,
"AVENIDA SANT BERNAT CALBO 42, 08500 VIC, Spain",41.935397,2.261667,
"CALLE MIRAMARGES 7, 08500 VIC, Spain",41.9302339,2.2465476,
"CALLE GURB 103, 08500 VIC, Spain",41.9330609,2.2509464,
"CALLE SANTIAGO RAMÓN Y CAJAL, 87, 08500 VIC, Spain",41.944298,2.260636,
"MANLLEU 30-32, 08500 VIC, Spain",41.932284,2.25546,
"RAMBLA HOSPITAL 31, 08500 VIC, Spain",41.928201,2.252522,
"CARRER SANTIAGO RAMON I CAJAL 48, 08500 VIC, Spain",41.93233725852713,2.248581807105943,
"Rambla de les Davallades 21, 08500 VIC, Spain",41.9311045,2.2532078,
"CALLE CERVERA 11, 08500 VIC, Spain",41.9398493,2.2524398,
"Carretera de Manlleu s/n, 08500 VIC, Spain",41.9366846,2.2548685,
"Carrer de Rupit 12, 08500 VIC, Spain",41.9524615,2.2812451,
"Carrer de Miramarges 10, 08500 VIC, Spain",41.9324264,2.2474786,
"CALLE EIX ONZE DE SETEMBRE 29, 08500 VIC, Spain",41.9299944,2.2441904,
"Rambla de Josep Tarradellas 11, 08500 VIC, Spain",41.923677,2.251935,
"Plaça Major 28, 08500 VIC, Spain",41.930669,2.254828,
"Carrer de Sant Jordi 1, 08500 VIC, Spain",41.9318435,2.2631612,
"CALLE ANDREU FEBRER 1, 08500 VIC, Spain",41.9252838,2.2540399,
"AVENIDA PIUS XII 13, 08500 VIC, Spain",41.923077,2.254653,
"CALLE EIX ONZE DE SETEMBRE 11, 08500 VIC, Spain",41.9274056,2.2448121,
"CARRETERA SANT HILARI SACALM S/N, 08500 VIC, Spain",41.9264617,2.2724911,
"PASEO GENERALITAT 23, 08500 VIC, Spain",41.923429,2.253515,
"Avinguda de Sant Bernat Calbó 52, 08500 VIC, Spain",41.9349103,2.2585294,
"CALLE JOAN DE SERRALLONGA 3, 08500 VIC, Spain",41.9283036,2.2481155,
"Carrer de l'Arquebisbe Alemany 21, 08500 VIC, Spain",41.9319543,2.2516403,
"CALLE JAUME I EL CONQUERIDOR 3, 08500 VIC, Spain",41.93307,2.254835,
"PLAZA ENRIC GONZALEZ I TORNES 1, 08500 VIC, Spain",41.93233725852713,2.248581807105943,
"Carrer de Sant Pau 39, 08500 VIC, Spain",41.9308577,2.2592526,
"CALLE MIRAMARGES 6, 08500 VIC, Spain",41.9327785,2.2480296,
"Carrer de Cervera 14, 08500 VIC, Spain",41.9395873,2.2509012,
"Carrer Enric Prat de la Riba 16, 08500 VIC, Spain",41.9205837,2.2507637,
"CARRER MARE DE DEU DELS MUTS 2, 08500 VIC, Spain",41.928827,2.25724,
"Carrer d’en Perot Rocaguinarda 2, 08500 VIC, Spain",41.9280873,2.2469843,
"Carrer de Sant Sadurní 12, 08500 VIC, Spain",41.9293215,2.2563726,
"Carrer de Ripoll 33, 08500 VIC, Spain",41.9462891,2.255043,
"Rambla del Passeig 65, 08500 VIC, Spain",41.9301965,2.256553,
"Ronda de Francesc Camprodon 18, 08500 VIC, Spain",41.9340736,2.2538616,
"Carrer Nou 7, 08500 VIC, Spain",41.9317137,2.2577609,
"Carrer del Pla de Balenyà 9, 08500 VIC, Spain",41.9321566,2.2533756,
"Carrer de Ramon Sala i Saçala 13, 08500 VIC, Spain",41.9359628,2.2608214,
"Carrer del Pla de Balenyà 7, 08500 VIC, Spain",41.9321566,2.2533756,
"Carretera d la Guixa 10, 08500 VIC, Spain",41.924449,2.252394,
"Plaça de l'Estació 1, 08500 VIC, Spain",41.9311315,2.2495527,
"Rambla del Passeig 39, 08500 VIC, Spain",41.9301965,2.256553,
"Carrer de Francesc Maria Masferre 4, 08500 VIC, Spain",41.9284721,2.2596852,
"Carrer de la Llotja 7, 08500 VIC, Spain",41.9259522,2.2467094,
"PASEO GENERALITAT 58, 08500 VIC, Spain",41.920083,2.252248,
"CALLE MANLLEU 42, 08500 VIC, Spain",41.932744,2.255507,
"Avinguda dels Països Catalans 49, 08500 VIC, Spain",41.921822,2.2489438,
"Carrer Països Catalans 7, 08191 VILANOVA DEL VALLÈS, Spain",41.5315263,2.0880649,
"Avenida Meridiana 27, 08018 BARCELONA, Spain",41.400804,2.187202,
"CARRETERA BV-5001 KM 8,8, 08110 MONTCADA I REIXAC, Spain",41.488576,2.193954,
"Carrer de les Esquadres 26, 08901 L'HOSPITALET DE LLOBREGAT, Spain",41.3625095,2.1068011,
"LLUIS VIVES 19, 08400 GRANOLLERS, Spain",41.608388,2.29552,
"JOSEP UMBERT 130, 08400 GRANOLLERS, Spain",41.602239,2.295067,
"GERONA 185, 08400 GRANOLLERS, Spain",41.59980545277778,2.2792591222222223,
"PASEO MUNTANYA 139, 08400 GRANOLLERS, Spain",41.610872,2.293997,
"AMADEU CASTELLANOS 2, 08400 GRANOLLERS, Spain",41.603126,2.291089,
"ANSELM CLAVE 77, 08400 GRANOLLERS, Spain",41.606029,2.288965,
"PASSATGE SANT BARTOMEU 16, 08400 GRANOLLERS, Spain",41.6084587,2.2861226,
"Carrer de Wagner 2, 08222 TERRASSA, Spain",41.5624896,2.0276735,
"Avinguda de Catalunya S/N, 08930 SANT ADRIÀ DE BESÒS, Spain",41.428794,2.222328,
"Avinguda de Catalunya 51, 08930 BARCELONA, Spain",41.4313373,2.2178629,
"CARRER CAN MAGÍ 10, 08210 BARBERÀ DEL VALLÈS, Spain",41.5172181,2.1448161,
"Calle Cuba 38, 08302 MATARÓ, Spain",41.537406,2.440266,
"RONDA FRANCESC MACIA 18, 08302 MATARÓ, Spain",41.53332,2.437899,
"Carrer de Falguera 6, 08980 SANT FELIU DE LLOBREGAT, Spain",41.3821845,2.0422074,
"CALLE LLUIS COMPANYS 41, 08401 GRANOLLERS, Spain",41.597979,2.282625,
"PLAÇA DE LA CASERNA, 3, 08401 GRANOLLERS, Spain",41.608839,2.286058,
"Carrer de Santa Elisabet 15, 08401 GRANOLLERS, Spain",41.6088563,2.2878163,
"SANT ROC 8, 08401 GRANOLLERS, Spain",41.6082737,2.2885371,
"Carrer Príncep de Viana 25, 08401 GRANOLLERS, Spain",41.606128,2.286517,
"AVENIDA ENRIC PRAT DE LA RIBA 77, 08401 GRANOLLERS, Spain",41.602652,2.284612,
"PLAZA JOSEP MALUQUER I SALVADOR 17, 08401 GRANOLLERS, Spain",41.6085949,2.2889012,
"CALLE ROSSELLO 77, 08401 GRANOLLERS, Spain",41.617066,2.289509,
"CALLE FRANCESC MACIA 160, 08401 GRANOLLERS, Spain",41.5979571,2.2864716,
"CALLE RAFAEL CASANOVA 64, 08401 GRANOLLERS, Spain",41.613439,2.286532,
"CALLE POMPEU FABRA 15, 08401 GRANOLLERS, Spain",41.609185,2.284296,
"CALLE MIQUEL RICOMA 55, 08401 GRANOLLERS, Spain",41.6055199,2.2863715,
"CALLE ANNIBAL 26, 08401 GRANOLLERS, Spain",41.607091,2.284618,
"CALLE ROGER DE FLOR 45, 08401 GRANOLLERS, Spain",41.6083629,2.2834572,
"CALLE SANT JOSEP 1, 08401 GRANOLLERS, Spain",41.607455,2.284676,
"PLAZA PORXADA 32, 08401 GRANOLLERS, Spain",41.60784,2.287358,
"CALLE TORRES I BAGES 53, 08401 GRANOLLERS, Spain",41.6100748,2.29038,
"CALLE SANT JOSEP 10, 08401 GRANOLLERS, Spain",41.60767,2.284359,
"VIC 6, 08401 GRANOLLERS, Spain",41.605769,2.276334,
"CALLE MARE DE DEU DE MONTSERRAT 58, 08401 GRANOLLERS, Spain",41.5991678,2.2848002,
"CALLE CORRO 2, 08401 GRANOLLERS, Spain",41.6092099,2.2879758,
"CALLE SANT JOSEP 14, 08401 GRANOLLERS, Spain",41.607638,2.284153,
"CALLE ROGER DE FLOR 1, 08401 GRANOLLERS, Spain",41.610385,2.283611,
"PLAZA CASERNA S/N, 08401 GRANOLLERS, Spain",41.60614808611111,2.286227975,
"CALLE MUSEU 10-12, 08401 GRANOLLERS, Spain",41.607231,2.286438,
"PLAZA PORXADA 21, 08401 GRANOLLERS, Spain",41.608057,2.2880953,
"CALLE TRAVESSERES 43, 08401 GRANOLLERS, Spain",41.6090288,2.2862797,
"CR MIQUEL RICOMA 137, 08401 GRANOLLERS, Spain",41.603375,2.28639,
"RAMON LLULL 9, 08401 GRANOLLERS, Spain",41.613286,2.289165,
"Carrer de Corró 15, 08401 GRANOLLERS, Spain",41.6094543,2.2878566,
"Carrer de Joan Corominas 22, 08401 GRANOLLERS, Spain",41.60614808611111,2.286227975,
"Carrer Guayaquil 30, 08401 GRANOLLERS, Spain",41.6049348,2.2875639,
"Carrer d'Isabel de Villena 64, 08401 GRANOLLERS, Spain",41.604764,2.2818302,
"Carrer de Roger de Flor 93, 08401 GRANOLLERS, Spain",41.6048713,2.2832281,
"Plaça Josep Maluquer i Salvador 20, 08401 GRANOLLERS, Spain",41.60888,2.289172,
"Carrer de Roger de Flor 75, 08401 GRANOLLERS, Spain",41.6064611,2.2831445,
"CALLE LLUIS COMPANYS 60, 08401 GRANOLLERS, Spain",41.596568,2.28187,
"Carrer de Sant Jaume 46, 08401 GRANOLLERS, Spain",41.6065314,2.2856926,
"Carrer de Roger de Flor 61, 08401 GRANOLLERS, Spain",41.6077058,2.2834923,
"Passeig Francesc Fàbregas 81, 08401 GRANOLLERS, Spain",41.586336,2.2809916,
"SANTA ANA 25, 08401 GRANOLLERS, Spain",41.5907321,2.2389953,
"Carrer del Camp de les Moreres 3, 08401 GRANOLLERS, Spain",41.606052964864865,2.286240343243243,
"Carrer d'Alfons IV 48, 08401 GRANOLLERS, Spain",41.6042976,2.2880883,
"PLAZA JOSEP MARIA FOLCH I TORRES 12, 08401 GRANOLLERS, Spain",41.5739579,2.2239086,
"Carrer de Corró 36, 08401 GRANOLLERS, Spain",41.6103062,2.2882135,
"PLAZA JOSEP MARIA FOLCH I TORRES 14, 08401 GRANOLLERS, Spain",41.5739579,2.2239086,
"CALLE PONENT 12, 08401 GRANOLLERS, Spain",41.6095412,2.285791,
"Carrer d'Alfons IV 38, 08401 GRANOLLERS, Spain",41.6044674,2.2881236,
"Carrer Rafael Casanova 60, 08401 GRANOLLERS, Spain",41.613168,2.2862667,
"Carrer de Ponent 55, 08401 GRANOLLERS, Spain",41.6125659,2.2868959,
"Carrer de Josep Torras I Bages 29, 08401 GRANOLLERS, Spain",41.60614808611111,2.286227975,
"Carrer de Joan Prim 7, 08401 GRANOLLERS, Spain",41.6119237,2.289912,
"Carrer de Tres Torres 2, 08401 GRANOLLERS, Spain",41.598173,2.283041,
"Carrer Rafael Casanova 50, 08401 GRANOLLERS, Spain",41.6205956,2.2884022,
"MATAGALLS, S/N (ESQUINA C/CAMI DEL, 08402 GRANOLLERS, Spain",41.604879786666665,2.290994731111111,
"PLAZA JOSEP SERRAT I BONASTRE 18, 08402 GRANOLLERS, Spain",41.5994174,2.2898581,
"AVENIDA SANT ESTEVE 73, 08402 GRANOLLERS, Spain",41.601391,2.290608,
"CALLE BARTOLOME ESTEBAN MURILLO 31, 08402 GRANOLLERS, Spain",41.6022669,2.2890758,
"Turó d'en Bruguet 2, 08402 GRANOLLERS, Spain",41.6009138,2.2960899,
"CALLE MONTSENY 4, 08402 GRANOLLERS, Spain",41.6100375,2.3020038,
"GIRONA 3, 08402 GRANOLLERS, Spain",41.608796,2.290467,
"CALLE CRISTOFOL COLOM 23, 08402 GRANOLLERS, Spain",41.600178,2.288501,
"GIRONA 36, 08402 GRANOLLERS, Spain",41.610406,2.291018,
"GIRONA 49, 08402 GRANOLLERS, Spain",41.611699,2.291115,
"CALLE CRISTOFOL COLOM 16, 08402 GRANOLLERS, Spain",41.533636,2.180961,
"PLAZA JOSEP BARANGE 13, 08402 GRANOLLERS, Spain",41.6076472,2.2894189,
"PASSEIG MUNTANYA 66, 08402 GRANOLLERS, Spain",41.60292,2.2929,
"PLAZA CAN MONIC 7, 08402 GRANOLLERS, Spain",41.621693,2.295045,
"CALLE JOAN PRIM 4, 08402 GRANOLLERS, Spain",41.609859,2.289384,
"CALLE VALLESPIR 10, 08402 GRANOLLERS, Spain",41.5908,2.288321,
"CALLE ANGEL GUIMERA 12-14, 08402 GRANOLLERS, Spain",41.5995015,2.2891087,
"PLAZA PAU CASALS 4, 08402 GRANOLLERS, Spain",41.6067529,2.2899999,
"CALLE VALLESPIR 1, 08402 GRANOLLERS, Spain",41.590882,2.2880423,
"CALLE FRANCESC MACIA 135, 08402 GRANOLLERS, Spain",41.599357,2.287151,
"PLAZA JOSEP BARANGE 2, 08402 GRANOLLERS, Spain",41.6075302,2.2899044,
"Carrer de Girona 161, 08402 GRANOLLERS, Spain",41.6111342,2.2911064,
"CALLE MONTSENY 1, 08402 GRANOLLERS, Spain",41.609992,2.3029362,
"CALLE GIRONA 183, 08402 GRANOLLERS, Spain",41.61596,2.292419,
"Carrer d'Emili Botey Alsina 12, 08402 GRANOLLERS, Spain",41.5975245,2.2885058,
"CALLE COLOMBIA 14, 08402 GRANOLLERS, Spain",41.607581,2.2962684,
"Carrer del pla de Baix 53, 08402 GRANOLLERS, Spain",41.5952243,2.2881622,
"Calle Girona 214, 08402 GRANOLLERS, Spain",41.615729,2.29274,
"Carrer Esteve Terrades 52, 08402 GRANOLLERS, Spain",41.5979891,2.2903208,
"Carrer Montseny 10, 08402 GRANOLLERS, Spain",41.609992,2.3029362,
"Plaça de Pau Casals 14, 08402 GRANOLLERS, Spain",41.606661,2.2900905,
"PLAZA CAN BASSA 1, 08402 GRANOLLERS, Spain",41.591146,2.28758,
"CARRER SANT JOSEP DE CALAÇANS 119, 08402 GRANOLLERS, Spain",41.604364993478264,2.2908451760869566,
"CARRER JOSEP UMBERT 42, 08402 GRANOLLERS, Spain",41.6026841,2.2947768,
"Carrer de Girona 321, 08402 GRANOLLERS, Spain",41.6111342,2.2911064,
"Avinguda del Parc 5, 08402 GRANOLLERS, Spain",41.6075533,2.2905917,
"CALLE VALLESPIR 16, 08402 GRANOLLERS, Spain",41.590808,2.289101,
"Carrer Francisco de Quevedo 11, 08402 GRANOLLERS, Spain",41.6042778,2.2912636,
"Plaça Josep Torras i Bages 2, 08402 GRANOLLERS, Spain",41.609967,2.290249,
"Carrer de Veneçuela 86, 08402 GRANOLLERS, Spain",41.4114055,2.2091319,
"Passeig de la Muntanya 154, 08402 GRANOLLERS, Spain",41.6104581,2.2940159,
"Passeig de la Muntanya 145, 08402 GRANOLLERS, Spain",41.6104581,2.2940159,
"Calle Josep Umbert 130, 08402 GRANOLLERS, Spain",41.602239,2.295067,
"ENRIC PRAT DE LA RIBA 77, 08402 GRANOLLERS, Spain",41.602652,2.284612,
"Carrer Esteve Terrades 44, 08402 GRANOLLERS, Spain",41.5979891,2.2903208,
"Carrer del pla de Baix 51, 08402 GRANOLLERS, Spain",41.5952243,2.2881622,
"Avinguda Sant Esteve 96, 08402 GRANOLLERS, Spain",41.600986,2.290192,
"Carrer Montseny 4, 08402 GRANOLLERS, Spain",41.6100375,2.3020038,
"Carrer de Girona 122, 08402 GRANOLLERS, Spain",41.6111342,2.2911064,
"Carrer Bertran de Seva 1, 08402 GRANOLLERS, Spain",41.613491,2.294324,
"PLAZA JOSEP TORRAS I BAGES 2, 08402 GRANOLLERS, Spain",41.609836,2.290223,
"Carrer de l'Hospital 7, 08402 GRANOLLERS, Spain",41.614473,2.291737,
"Carrer de Montserrat Roig 19, 08402 GRANOLLERS, Spain",41.593655,2.2887494,
"CALLE FRANSCESC RIBAS, 64, 08402 GRANOLLERS, Spain",41.604879786666665,2.290994731111111,
"Carrer de Sant Pere 7, 08560 MANLLEU, Spain",42.0035278,2.2859271,
"Plaça de Fra Bernadí 22, 08560 MANLLEU, Spain",41.999527,2.284585,
"AVENIDA ROMA 122, 08560 MANLLEU, Spain",42.003619,2.283512,
"Avinguda Bellmunt 25, 08560 MANLLEU, Spain",42.006191,2.290558,
"Carrer de Ripoll 20, 08560 MANLLEU, Spain",42.0034372,2.2879627,
"CALLE JOAN CODINA VIVET S/N, 08560 MANLLEU, Spain",42.009355,2.301999,
"AVENIDA ROMA 106, 08560 MANLLEU, Spain",42.004204,2.285037,
"Carrer del Montseny 98, 08560 MANLLEU, Spain",41.9999811,2.2841159,
"CALLE DOÑ BLANCA 114, 08560 MANLLEU, Spain",42.003183,2.277548,
"CALLE VILAMIROSA 92, 08560 MANLLEU, Spain",42.0049384,2.2792299,
"PASEO SANT JOAN 110, 08560 MANLLEU, Spain",42.002567,2.28548,
"AVENIDA PUIGMAL 100, 08560 MANLLEU, Spain",42.007836,2.285919,
"PASEO SANT JOAN 194, 08560 MANLLEU, Spain",42.006234,2.282012,
"AVENIDA ROMA 220, 08560 MANLLEU, Spain",42.002606,2.276721,
"CALLE LLEIDA 58, 08560 MANLLEU, Spain",42.004874,2.28873,
"CALLE ENRIC DELARIS 16, 08560 MANLLEU, Spain",42.0003612,2.2829636,
"CALLE SOGORB 73, 08560 MANLLEU, Spain",42.007021,2.289888,
"CALLE GARCIA ESTRADA 20, 08560 MANLLEU, Spain",42.007005,2.282574,
"Carrer de Núria 24, 08560 MANLLEU, Spain",42.0040915,2.2782625,
"CALLE TORRENT MAGI 80, 08560 MANLLEU, Spain",42.001295,2.285845,
"PLAZA SARDANA 1, 08560 MANLLEU, Spain",42.005615,2.289163,
"Carrer Francesc Puget 2, 08560 MANLLEU, Spain",42.00425,2.296083,
"CARRETERA BV-5224 (TORELLO) KM 1, 08560 MANLLEU, Spain",42.008681,2.27937,
"AVENIDA PIRINEUS S/N, 08560 MANLLEU, Spain",42.008385,2.277931,
"Plaça de Fra Bernadí 3, 08560 MANLLEU, Spain",42.000925,2.273462,
"CARRETERA OLOT 58, 08560 MANLLEU, Spain",42.0020564,2.2894454,
"PLAZA FRA BERNADI 15, 08560 MANLLEU, Spain",41.999493,2.283965,
"CARRETERA OLOT 77, 08560 MANLLEU, Spain",42.003418,2.2916854,
"CALLE PUIGSACALM 15, 08560 MANLLEU, Spain",42.001698,2.280995,
"PLAZA FRA BERNADI 12, 08560 MANLLEU, Spain",41.999409,2.2838,
"CALLE SOGORB 79, 08560 MANLLEU, Spain",42.007502,2.290725,
"CALLE PONT 15, 08560 MANLLEU, Spain",42.000067,2.285187,
"AVENIDA ROMA 221, 08560 MANLLEU, Spain",42.002482,2.278006,
"CALLE PINTOR GUARDIA 6, 08560 MANLLEU, Spain",42.009658,2.280452,
"Carrer Major 31, 08150 PARETS DEL VALLES, Spain",41.5727036,2.2326252,
"Plaça de la Vila 8, 08150 LLIÇÀ DE VALL, Spain",41.5862431,2.2398562,
"CALLE ARAGO 13, 08150 PARETS DEL VALLES, Spain",41.574481,2.238199,
"CALLE L'EMPORDA 27, 08150 PARETS DEL VALLES, Spain",41.572444,2.2319099,
"CALLE MONISTROL 1, 08150 PARETS DEL VALLES, Spain",41.562739,2.229177,
"CALLE INDEPENDENCIA 51, 08150 PARETS DEL VALLES, Spain",41.5601641,2.2216661,
"LLIBERTAT 2, 08150 PARETS DEL VALLES, Spain",41.563783,2.228481,
"PLAZA VILA S/N, 08150 PARETS DEL VALLES, Spain",41.5729887,2.2329289,
"CALLE VICTOR CATALA 2, 08150 PARETS DEL VALLES, Spain",41.572615,2.237123,
"CALLE VICTOR CATALA 9, 08150 PARETS DEL VALLÈS, Spain",41.572317,2.236723,
"Carrer de Víctor Català 18, 08150 PARETS DEL VALLES, Spain",41.5731703,2.2373044,
"CALLE SANT JORDI 8, 08560 MANLLEU, Spain",41.999795,2.285339,
"CARRER SANT JAUME 134, 08150 PARETS DEL VALLES, Spain",41.5621407,2.2222997,
"AVENIDA PEDRA DEL DIABLE 28, 08150 PARETS DEL VALLES, Spain",41.5729887,2.2329289,
"Avinguda de Francesc Macià 11, 08150 PARETS DEL VALLES, Spain",41.5720441,2.2362929,
"Carrer del Raval 1, 08150 PARETS DEL VALLES, Spain",41.5746876,2.23515,
"Avinguda de Catalunya 102, 08150 PARETS DEL VALLES, Spain",41.580189,2.2365554,
"Avinguda de Catalunya 129, 08150 PARETS DEL VALLES, Spain",41.5661256,2.2295253,
"Carrer de Monistrol 1, 08150 PARETS DEL VALLES, Spain",41.562495,2.2300571,
"Avinguda de Francesc Macià 12, 08150 PARETS DEL VALLES, Spain",41.5721861,2.2354721,
"Avinguda de Catalunya 133, 08150 PARETS DEL VALLES, Spain",41.5577591,2.2274657,
"Carrer de la Mina 8, 08150 PARETS DEL VALLES, Spain",41.5618454,2.2290519,
"CALLE GARBI 12, 08150 PARETS DEL VALLES, Spain",41.564813,2.245068,
"CALLE DE LA BASSA S/N, 08150 PARETS DEL VALLES, Spain",41.580306,2.2528629,
"PLAZA MOSSEN PERE BATLLE 1, 08150 PARETS DEL VALLES, Spain",41.572961,2.235191,
"CALLE XALOC 1, 08150 PARETS DEL VALLES, Spain",41.568885,2.24571,
"Carrer del Pla dels Estudiants 40, 08560 MANLLEU, Spain",42.007905,2.2869598,
"Carrer Doctor Fleming 46, 08560 MANLLEU, Spain",42.002045,2.2840376,
"CALLE CONGOST 1, 08150 PARETS DEL VALLES, Spain",41.547552,2.252128,
"Carrer de Tarragona 50, 08560 MANLLEU, Spain",42.016883,2.244418,
"Carrer d'en Santiago Rusiñol 54, 08560 MANLLEU, Spain",41.99979,2.276095,
"Plaça de Fra Bernadí 23, 08560 MANLLEU, Spain",42.000734,2.273068,
"Carrer Salvador Espriu 6, 08150 PARETS DEL VALLÈS, Spain",41.5727187,2.2365079,
"Parc d'Àngela Roca 7, 08560 MANLLEU, Spain",42.002148,2.281774,
"Carrer d'Aragó 11, 08150 PARETS DEL VALLÈS, Spain",41.5745547,2.2368521,
"Carrer Doctor Fleming 53, 08560 MANLLEU, Spain",42.002045,2.2840376,
"Plaça de Narcisa Freixas 2, 08022 BARCELONA, Spain",41.4082961,2.1384114,
"Carrer de Fructuós Gelabert 1, 08970 SANT JOAN DESPI, Spain",41.372586,2.067349,
"Avinguda de Barcelona 64, 08970 SANT JOAN DESPI, Spain",41.3707998,2.0762494,
"CTRA. SANT ADRIA A LA ROCA, KM. 15,, 08170 MONTORNÈS DEL VALLÈS, Spain",41.542545,2.2670557,
"Avinguda del Riu Mogent 1, 08170 MONTORNÈS DEL VALLÈS, Spain",41.5554295,2.2736485,
"CALLE MAJOR 61, 08170 MONTORNES DEL VALLES, Spain",41.540791,2.270809,
"CALLE FEDERICO GARCIA LORCA 3, 08170 MONTORNES DEL VALLES, Spain",41.5538145,2.2671006,
"BLAS INFANTE 2, 08170 MONTORNES DEL VALLES, Spain",41.542237,2.264147,
"PLAZA LA FONT 1, 08170 MONTORNES DEL VALLES, Spain",41.541825,2.26379,
"JOSEP TERRADELLAS SN, 08170 MONTORNES DEL VALLES, Spain",41.542545,2.2670557,
"CALLE BLAS INFANTE 8, 08170 MONTORNES DEL VALLES, Spain",41.541609,2.263947,
"PLAZA PAU PICASSO 1, 08170 MONTORNES DEL VALLES, Spain",41.541771,2.26847,
"CALLE VILANOVA S/N, 08170 MONTORNES DEL VALLES, Spain",41.542545,2.2670557,
"CALLE PALAU D'AMETLLA 14, 08170 MONTORNES DEL VALLES, Spain",41.541072,2.265237,
"CALLE L'ESTRELLA 12, 08170 MONTORNES DEL VALLES, Spain",41.542124,2.265232,
"Carrer del Gran Vial 3, 08170 MONTORNÈS DEL VALLÈS, Spain",41.5459575,2.2595215,
"CARRETERA SANT ADRIA DEL BESOS-L 17, 08170 MONTORNÈS DEL VALLÈS, Spain",41.542545,2.2670557,
"Carrer de Sant Isidre 13, 08170 Montornès del Vallès, Spain",41.5430388,2.2665455,
"Carrer de Carles Riba 3, 08170 MONTORNÈS DEL VALLÈS, Spain",41.5570691,2.2672664,
"Carrer del Sol 3, 08170 MONTORNÈS DEL VALLÈS, Spain",41.5415646,2.2662977,
"Carrer de Jacint Verdaguer 9, 08170 MONTORNÈS DEL VALLÈS, Spain",41.5422434,2.2649124,
"Carrer la Pau 10, 08170 MONTORNÈS DEL VALLÈS, Spain",41.5444901,2.2638593,
"Carrer Major 57, 08170 MONTORNÈS DEL VALLÈS, Spain",41.5424778,2.265765,
"Carrer de Sant Isidre 16, 08170 MONTORNÈS DEL VALLÈS, Spain",41.5430388,2.2665455,
"Plaça del Poble 14, 08170 MONTORNÈS DEL VALLÈS, Spain",41.5526116,2.266659,
"BV-5001 32-34, 08170 MONTORNÈS DEL VALLÈS, Spain",41.5438864,2.2595229,
"Carrer de Federico García Lorca 2, 08170 MONTORNÈS DEL VALLÈS, Spain",41.554961,2.2688098,
"CALLE CONSELL DE CENT 5, 08170 MONTORNÈS DEL VALLÈS, Spain",41.538303,2.268774,
"Carrer de Federico García Lorca 23, 08170 MONTORNÈS DEL VALLÈS, Spain",41.554961,2.2688098,
"PASSEIG DE LA FLORIDA 15, 08130 SANTA PERPÈTUA DE MOGODA, Spain",41.53058,2.1858748,
"CARRER COLOM 209, 08223 TERRASSA, Spain",41.5570168,2.0244459,
"CARRETERA MONTCADA 148, 08223 TERRASSA, Spain",41.557086,2.012222,
"Carrer del Germà Joaquim 55, 08223 TERRASSA, Spain",41.5532104,2.0215891,
"Avinguda Nostra Senyora de Monts 22, 08504 SANT JULIÀ DE VILATORTA, Spain",41.923474,2.323136,
"Carretera Seva 2, 08554 SANT MIQUEL DE BALENYA, Spain",41.840463,2.246263,
"Carrer del Tiŀler 27, 08503 GURB, Spain",41.939953,2.235676,
"Avinguda Catalunya 3, 08105 SANT FOST DE CAMPSENTELLES, Spain",41.523428,2.230063,
"Carrer de Milà 22, 08917 BADALONA, Spain",41.4559529,2.2189766,
"Carrer Ramon Pujols Claveras 42, 08510 RODA DE TER, Spain",41.982351,2.311175,
"Carrer Gran 15, 08506 CALLDETENES, Spain",41.9254761,2.2827543,
"CASA NOVA DEL CASTELL S/N, 08585 MONTESQUIU, Spain",42.108728,2.2086111,
"Carrer del Mestre Quer 12, 08580 SANT QUIRZE DE BESORA, Spain",42.1019282,2.2166902,
"AUTOVIA C-17 S/N, 08580 SANT QUIRZE DE BESORA, Spain",42.098082,2.218627,
"Carrer Josep Vilanova 27, 08572 SANT PERE DE TORELLÓ, Spain",42.0736365,2.2981884,
"CALLE DEL CASAL 1, 08415 BIGUES I RIELLS, Spain",41.6744354,2.2098212,
"CALLE DE LA FABRICA 26, 08187 SANTA EULALIA DE RONÇANA, Spain",41.6523952,2.229264,
"Carrer de Concepció Ducloux s/n, 17500 RIPOLL, Spain",42.1926975,2.194103,
"AVINGUDA DEL CASTELL 18, 08570 TORELLO, Spain",42.0547107,2.257411,
"Passeig de l'Ametlla 19, 08480 L'AMETLLA DEL VALLÈS, Spain",41.6672896,2.2621482,
"PASEO TER S/N, 08585 MONTESQUIU, Spain",42.108291,2.211026,
"Carrer Rosselló 22, 08521 BELLAVISTA, Spain",41.3484641,2.0338876,
"PASAJE MARTI S/N, 08185 LLIÇÀ DE VALL, Spain",41.5915542,2.2422403,
"Camí de la Pineda 6, 08186 LLIÇÀ D'AMUNT, Spain",41.6071575,2.2269124,
"Passeig l'Alzina 1, 08420 CANOVELLES, Spain",41.6172558,2.26983,
"Carrer de Joanot Martorell 34, 08403 GRANOLLERS, Spain",41.6052689,2.2753477,
"Passeig de la Conca de Besòs 45, 08403 GRANOLLERS, Spain",41.603069,2.278425,
"Carrer de la Ribera d'Ebre 56, 08186 LLIÇÀ D'AMUNT, Spain",41.6156392,2.2174176,
"Carrer Can Nadal 12, 08185 LLIÇÀ DE VALL, Spain",41.589667,2.249997,
"Passeig de les Corts Catalanes 7, 08160 MONTMELÓ, Spain",41.5506985,2.2440707,
"Carrer de Folch i Torres 102, 08186 LLIÇÀ D'AMUNT, Spain",41.6116458,2.2393525,
"Carrer d'Anselm Clavé 60, 08186 LLIÇÀ D'AMUNT, Spain",41.6161686,2.2373753,
"Carrer de Barcelona 136, 08105 SANT FOST DE CAMPSENTELLES, Spain",41.530066,2.222507,
"CALLE GALILEU GALILEI 16, 08403 GRANOLLERS, Spain",41.594034,2.265173,
"Camí del Gual 11, 08187 SANTA EULÀLIA DE RONÇANA, Spain",41.638043,2.2369904,
"CALLE RAFAEL CASANOVA 6, 08186 LLIÇÀ D'AMUNT, Spain",41.607504,2.239886,
"Avinguda dels Països Catalans 90, 08186 LLIÇÀ D'AMUNT, Spain",41.6116029,2.2411059,
"CALLE ANSELM CLAVE 70, 08186 LLIÇÀ D'AMUNT, Spain",41.608204,2.23898,
"CALLE MATARRANYA 2, 08186 LLIÇÀ D'AMUNT, Spain",41.61838,2.215756,
"Carrer Raval 5, 08185 PARETS DEL VALLES, Spain",41.5746876,2.23515,
"Carrer Major 27, 08160 MONTMELÓ, Spain",41.5510434,2.247244,
"Carrer Barcelona 60, 08521 BELLAVISTA, Spain",41.6180018,2.2973716,
"CALLE VIC 7, 08160 MONTMELÓ, Spain",41.552295,2.24834,
"Pasaje Extremadura S/N, 08521 LES FRANQUESES DEL VALLES, Spain",41.645286,2.299086,
"C-17 17, 17500 RIPOLL, Spain",42.199249,2.185335,
"Carrer Pirineu S/N, 08519 TAVERNOLES, Spain",41.9552908,2.3266059,
"Ctra. Parador Km. 7, 08519 TAVÈRNOLES, Spain",41.9734211,2.3463586,
"BP-4654 Km 1.2, 08588 SORA, Spain",42.0882472,2.1459742,
"CARRER AJUNTAMENT 5, 08571 SAN VICENÇ DE TORELLO, Spain",42.0624286,2.2738672,
"Plaça del Dr. Robert 1, 17867 CAMPRODON, Spain",42.3138407,2.3645719,
"Carrer d'Europa 1, 08913 BADALONA, Spain",41.4382361,2.2166687,
"Carrer Provença 29, 08521 BELLAVISTA, Spain",41.6166654,2.2955963,
"CARRER MARE DE DEU DE LA SALUT 3, 08187 SANTA EULÀLIA DE RONÇANA, Spain",41.6523952,2.229264,
"Avinguda del Mil·lenari s/n, 08160 MONTMELÓ, Spain",41.5515189,2.2480812,
"CARRER DE L'ANOIA 7, 08192 SANT QUIRZE DEL VALLÈS, Spain",41.5411615,2.0754028,
"Carrer de Palaudàries 88, 08186 LLIÇÀ D'AMUNT, Spain",41.594324,2.190484,
"AVENIDA MIL.LENARI 12, 08160 MONTMELÓ, Spain",41.552371,2.242269,
"CALLE PINTOR HUGUET 62, 08226 TERRASSA, Spain",41.57224,2.024735,
"CARRER DE VOLTREGÀ 15, 08570 TORELLÓ, Spain",42.0478304,2.2643391,
"CARRETERA OLESA S/N, 08232 VILADECAVALLS, Spain",41.5560241,1.9823341,
"Carretera de Ribes 21, 08585 MONTESQUIU, Spain",42.10904,2.207994,
"Plaça Nova 8, 08570 TORELLÓ, Spain",42.0475064,2.263752,
"Avinguda de Catalunya 61, 08185 LLIÇÀ DE VALL, Spain",41.5808934,2.2367252,
"CARRETERA LA ROCA S/N, 08105 SANT FOST DE CAMPSENTELLE, Spain",41.513284,2.212791,
"Plaça la Vila 2, 08105 SANT FOST DE CAMPSENTELLES, Spain",41.518716,2.2326116,
"Carrer del Pont 31, 08570 TORELLÓ, Spain",42.0481713,2.262569,
"Carretera de Manlleu km 4, 08503 GURB, Spain",41.934421,2.255464,
"Plaça Sant Isidre S/N, 08160 MONTMELÓ, Spain",41.5515189,2.2480812,
"Avinguda Tecla Sala 40, 08510 RODA DE TER, Spain",41.986921,2.31231,
"Passeig Andalusia 5, 08521 BELLAVISTA, Spain",41.621632,2.299051,
"Plaça Mossen Cinto Verdaguer 3, 08519 FOLGUEROLES, Spain",41.938659,2.319119,
"CALLE METALURGIA S/N, 08186 LLIÇA D´AMUNT, Spain",41.662351,-4.767047,
"Carretera de Balenyà 237, 08552 TARADELL, Spain",41.8713408,2.2845275,
"Carrer Montseny 15, 08519 TAVÈRNOLES, Spain",41.9531434,2.3265049,
"Carrer Sant Roc 68, 08570 TORELLÓ, Spain",42.0434643,2.2705831,
"Carrer de Manlleu 7, 08570 TORELLO, Spain",42.0450403,2.2677302,
"N-260 104, 17860 SANT JOAN DE LES ABADESSES, Spain",42.243317,2.310344,
"Carrer Lleida 7, 17403 SANT HILARI SACALM, Spain",41.8792429,2.5112633,
"PLAZA CONSTITUCIO S/N, 17534 RIBES DE FRESER, Spain",42.317635,2.135143,
"Carrer de l'Alcalde Pere Rovira 2, 17860 SANT JOAN DE LES ABEDESSES, Spain",42.238681528571426,2.2980390666666666,
"Carrer de Sant Quinti 45, 17534 RIBES DE FRESER, Spain",42.30526,2.1669895,
"PLAZA ANSELM CLAVE 3, 17530 CAMPDEVÀNOL, Spain",42.2231128,2.1689682,
"CALLE SANT JAUME 25, 17401 ARBÚCIES, Spain",41.815394,2.51292,
"Carrer de la Canal 9, 17869 VILALLONGA DE TER, Spain",42.3303463,2.3117865,
"N-2 494, 25250 BELLPUIG, Spain",41.634204,0.990352,
"PLAZA MARQUES DE LA QUADRA 11, 08504 SANT JULIÀ DE VILATORTA, Spain",41.922324,2.32571,
"CALLE BELLMUNT 12, 08503 GURB, Spain",41.940776,2.246838,
"CARRETERA C-17 S/N, 08551 TONA, Spain",41.853175,2.237279,
"CALLE JACINT VERDAGUER 20, 08503 GURB, Spain",41.9463709,2.2391686,
"CALLE DOCTOR BAYES 2, 08551 TONA, Spain",41.853765,2.22897,
"CALLE NURIA 27, 08504 SANT JULIÀ DE VILATORTA, Spain",41.923398,2.323465,
"CARRETERA BALENYA KM 1,3, 08552 TARADELL, Spain",41.871949,2.284815,
"Carrer Montserrat 20, 08507 SANTA EUGÈNIA DE BERGA, Spain",41.899496,2.2825786,
"CALLE PUIG-ROVI 31, 08570 TORELLÓ, Spain",42.013517,2.238254,
"AVENIDA MONTSERRAT 7, 08570 TORELLÓ, Spain",42.052264,2.255546,
"PASEO PLA DE TEIA 38, 08584 SANTA MARIA DE BESORA, Spain",42.127026,2.258523,
"LUGAR SANTUARI DE BELLMUNT 1, 08572 SANT PERE DE TORELLÓ, Spain",42.0754755,2.2955862,
"CALLE MONTESQUIU 41, 08570 TORELLÓ, Spain",42.050286,2.254721,
"PLAZA NOVA 2, 08570 TORELLÓ, Spain",42.047152,2.263698,
"CALLE EL CANIGO 68, 08570 TORELLÓ, Spain",42.0478304,2.2643391,
"CARRETERA BERGA 6, 08580 SANT QUIRZE DE BESORA, Spain",42.100798,2.217021,
"CALLE TER 66, 08570 TORELLÓ, Spain",42.049022,2.253543,
"CALLE JOSEP VILANOVA 6, 08572 SANT PERE DE TORELLÓ, Spain",42.074246,2.29724,
"AVENIDA LA SEU 2, 08503 GURB, Spain",41.945959,2.247032,
"CALLE MAJOR 12, 08519 FOLGUEROLES, Spain",41.938177,2.316118,
"PLAÇA MAJOR 12, 08510 RODA DE TER, Spain",41.9808584,2.3095312,
"CALLE SANT PERE 32, 08510 RODA DE TER, Spain",41.985076,2.312304,
"PLAZA ONZE DE SETEMBRE 1, 08506 CALLDETENES, Spain",41.9249503,2.2848041,
"CALLE BAC DE RODA 40, 08510 RODA DE TER, Spain",41.9822748,2.3094131,
"AVENIDA TECLA SALA S/N, 08510 RODA DE TER, Spain",41.985266,2.310546,
"CALLE TORRENT 3, 08510 RODA DE TER, Spain",41.98443,2.308899,
"Lugar Pairot de Baix s/n, 08509 SANTA CECILIA DE VOLTREGÀ, Spain",41.9930549,2.222325,
"CALLE BAC DE RODA 45, 08510 RODA DE TER, Spain",41.9822748,2.3094131,
"CALLE BATLLE SERRALLONGA 11, 08512 SANT HIPÒLIT DE VOLTREGÀ, Spain",42.0161934,2.2388383,
"Avinguda Gaudí 34, 08512 SANT HIPÒLIT DE VOLTREGÀ, Spain",42.014045,2.242938,
"Carrer Barcelona 28, 08508 LES MASIES DE VOLTREGÀ, Spain",42.0163676,2.2451322,
"CALLE BAC DE RODA 44, 08510 RODA DE TER, Spain",41.983771,2.309812,
"CALLE GRAN 9, 08506 CALLDETENES, Spain",41.925392,2.283332,
"AVENIDA SANT BARTOMEU DEL GRAU S/N, 08503 GURB, Spain",41.9409869,2.2433019,
"CALLE SANT JORDI 9, 08503 GURB, Spain",41.94034,2.241497,
"Avinguda Tecla Sala 42, 08510 RODA DE TER, Spain",41.986976,2.312363,
"CALLE MOSSEN PARASSOLS 1, 08570 TORELLÓ, Spain",42.046868,2.262668,
"Carretera de Prats de Lluça Km 53,5, 08279 AVINYÓ, Spain",41.8630096,1.9707409,
"Camí la Vallmitjana s/n, 08552 TARADELL, Spain",41.86314,2.294464,
"Avinguda de Sant Llorenç 68, 08504 SANT JULIÀ DE VILATORTA, Spain",41.9237581,2.3284353,
"CARRETERA B-521 (SANT HIPOLIT) KM 4, 08503 GURB, Spain",41.9409869,2.2433019,
"CARRETERA C-25 EIX TRANSVE KM 174,6, 08503 GURB, Spain",41.935411,2.185023,
"Carrer Núria 103, 08570 TORELLÓ, Spain",42.0513068,2.2545759,
"Carrer de Barcelona 71, 08510 RODA DE TER, Spain",41.9782312,2.3060818,
"Passeig de la Suïssa s/n, 08551 TONA, Spain",41.8559253,2.2220161,
"CALLE SANTA FE 2, 08552 TARADELL, Spain",41.8833797,2.302225,
"Carrer de Puig-l'agulla s/n, 08504 SANT JULIÀ DE VILATORTA, Spain",41.877433,2.342516,
"CARRETERA B-522 VIC-MANLLEU KM 2, 08503 GURB, Spain",41.986816,2.27839,
"Carrer de Sant Feliu 19, 08570 TORELLÓ, Spain",42.0463541,2.2624909,
"Carrer dels Estudis 6, 08570 TORELLÓ, Spain",42.0479743,2.2657815,
"Plaça els Països Catalans 1, 08570 TORELLÓ, Spain",42.046584,2.262793,
"CALLE BARCELONA 13, 08503 GURB, Spain",41.942629,2.244944,
"Avinguda Pau Casals 22, 08506 CALLDETENES, Spain",41.9258616,2.2859611,
"Calle de Enrique Prat de la Riba 15, 08570 TORELLÓ, Spain",42.015765,2.243563,
"CALLE PIRINEU 22, 08507 SANTA EUGÈNIA DE BERGA, Spain",41.903547,2.28422,
"MATABOSCH C DEL TER 200, 08570 TORELLÓ, Spain",42.0502768,2.2484512,
"CALLE PIRINEU 8, 08510 LES MASIES DE RODA, Spain",41.995846,2.297301,
"AVENIDA LA RIBERA 5, 08503 GURB, Spain",41.948984,2.250482,
"C/ ESQUIROL S/N, 08570 TORELLÓ, Spain",42.0472965,2.2748592,
"CARRETERA BV-5626 7, 08571 ST. VINCENÇ DE TORELLO, Spain",42.043783,2.270341,
"CALLE FRANÇA 16, 08228 TERRASSA, Spain",41.538702,2.043297,
"AUTOVIA C-17 KM 762, 08573 ORÍS, Spain",42.069317,2.238529,
"AVENIDA POMPEU FABRA 3, 08160 MONTMELO, Spain",41.5518731,2.2488782,
"Prat de la Riba 74, 08415 BIGUES I RIELLS, Spain",41.673337,2.214795,
"Plaça de la Vila S/N, 08185 LLIÇÀ DE VALL, Spain",41.5862431,2.2398562,
"PLAZA VILA 15, 08185 LLI#A DE VALL, Spain",41.5877772625,2.23510124375,
"Avinguda de Sant Julià 217, 08403 GRANOLLERS, Spain",41.58018,2.273607,
"CARRETERA CALDES KM 14-15, 08186 LLIÇÀ D'AMUNT, Spain",41.62902,2.231529,
"CALLE DIPUTACIO 10, 08160 MONTMELO, Spain",41.551822,2.246819,
"Carrer Tenes 23, 08186 LLIÇÀ D'AMUNT, Spain",41.6134097,2.2390942,
"ANSELM CLAVE 3, 08106 SANTA MARIA DE MARTORELLES, Spain",41.519817,2.254387,
"CALLE CELLECS 6, 08520 LES FRANQUESES DEL VALLES, Spain",41.629072,2.29732,
"CALLE LA PRIMAVERA 10, 08107 MARTORELLES, Spain",41.526515,2.230141,
"CALLE SANTIAGO RUSIÑOL, 08160 MONTMELO, Spain",41.5515189,2.2480812,
"AVENIDA PIERA 33, 08107 MARTORELLES, Spain",41.527819,2.231752,
"AVENIDA CATALUNYA 63, 08185 LLIÇÀ DE VALL, Spain",41.583679,2.237395,
"CALLE MATARRANYA 6, 08186 LLIÇA D'AMUNT, Spain",41.61838,2.215756,
"CALLE CARRERADA 11, 08107 MARTORELLES, Spain",41.533952,2.234048,
"PASEO ANDALUSIA 24, 08521 BELLAVISTA, Spain",36.7208677,-4.40228,
"PASEO ANDALUSIA 9, 08521 LES FRANQUESES DEL VALLÈS, Spain",41.645286,2.299086,
"CARRETERA PALAUDARIES 79, 08186 LLIÇÀ D'AMUNT, Spain",41.590069,2.20475,
"CARRETERA CALDES 57, 08403 GRANOLLERS, Spain",41.614384,2.275647,
"CALLE MAJOR 53, 08160 MONTMELÓ, Spain",41.550785,2.246633,
"CALLE LA VERNEDA 66-70, 08107 MARTORELLES, Spain",41.5399943,2.2347637,
"PLAZA LA VILA 4, 08105 SANT FOST DE CAMPSENTELLES, Spain",41.518716,2.2326116,
"CALLE POMPEU FABRA 41, 08105 SANT FOST DE CAMPSENTELLES, Spain",41.525413,2.221633,
"CALLE BARCELONA 74, 08105 SANT FOST DE CAMPSENTELLES, Spain",41.527461,2.226068,
"AVENIDA SANT JERONI 4, 08105 SANT FOST DE CAMPSENTELLES, Spain",41.523942,2.224113,
"AVENIDA SANT JERONI 7, 08105 SANT FOST, Spain",41.523484,2.224198,
"Carretera Cardedeu 1, 08520 BARCELONA, Spain",41.616102,2.310942,
"AVENIDA CANTALLOPS S/N, 08185 LLIÇÀ DE VALL, Spain",41.5807984,2.2366202,
"Carrer Folch i Torras 1, 08160 MONTMELÓ, Spain",41.5515189,2.2480812,
"PIRINEO 97, 08570 TORELLÓ, Spain",42.0478304,2.2643391,
"SABADELL A GRANOLLERS KM 10.5, 08185 LLIÇA DE VALL, Spain",41.5915542,2.2422403,
"AVENIDA PIERA 45, 08107 MARTORELLES, Spain",41.527396,2.234304,
"CALLE BARCELONA 62, 08521 LES FRANQUESES DEL VALLES, Spain",41.618656,2.298543,
"MONTSERRAT 41-43, 08185 LLIÇA DE VALL, Spain",41.588385,2.241882,
"AVENIDA CANOVELLES 86, 08420 CANOVELLES, Spain",41.621357,2.277598,
"CALLE GIRONA 300, 08521 BELLAVISTA, Spain",41.619471,2.2936313,
"NAVARRA 43, 08430 ROCA DEL VALLES (LA), Spain",41.601684,2.301198,
"CAN FENOSA 21, 08107 MARTORELLES, Spain",41.536072,2.237043,
"AVENIDA MIL.LENARI 15, 08160 MONTMELO, Spain",41.5518713,2.2420093,
"ANDALUCIA 4, 08520 LES FRANQUESES DEL VALLÈS, Spain",41.637459,2.312538,
"CALLE DOCTOR FLEMING 6, 08185 LLIÇÀ DE VALL, Spain",41.581326,2.222663,
"CALLE FRANCESC LAYRET 19-21, 08107 MARTORELLES, Spain",41.529037,2.226338,
"CALLE L'HORTA 18, 08107 MARTORELLES, Spain",41.526739,2.230033,
"AVENIDA SANT JERONI 13, 08105 SANT FOST DE CAMPSENTELLES, Spain",41.523006,2.223724,
"AVENIDA SANT JERONI 3, 08105 SANT FOST DE CAMPSENTELLES, Spain",41.523812,2.224574,
"CALLE VERNEDA 66-70, LOCAL 2, 08107 MARTORELLES, Spain",41.5399943,2.2347637,
"Plaça Augusta 3, 08173 SANT CUGAT DEL VALLÈS, Spain",41.4743059,2.0838603,
"POL. IND. PUIGTIO CARRER RIUDELLOTS, 17412 MAÇANET DE LA SELVA, Spain",41.7896143,2.7309372,
"Avinguda de la Llibertat 39, 08100 MOLLET DEL VALLES, Spain",41.5355148,2.2114478,
"AVENIDA LLIBERTAT 28, 08100 MOLLET DEL VALLES, Spain",41.534072,2.210196,
"AVENIDA BURGOS 76, 08100 MOLLET DEL VALLES, Spain",41.533859,2.208292,
"AVENIDA BADALONA 8, 08100 MOLLET DEL VALLES, Spain",41.534122,2.210026,
"CALLE MERCAT 7, 08100 MOLLET DEL VALLES, Spain",41.537172,2.211345,
"CALLE ITALIA 28-30, 08100 MOLLET DEL VALLES, Spain",41.534264,2.215983,
"AVENIDA LLIBERTAT 24, 08100 MOLLET DEL VALLÈS, Spain",41.535547,2.210962,
"Carrer de Magallanes 16, 08100 MOLLET DEL VALLES, Spain",41.5452446,2.2112416,
"RAMBLA BALMES 2, 08100 MOLLET DEL VALLES, Spain",41.5377848,2.2129105,
"CALLE ANSELM CLAVE 19-21, 08100 MOLLET DEL VALLES, Spain",41.5401113,2.2166876,
"Carrer Can Magre 23, 08100 MOLLET DEL VALLES, Spain",41.5431161,2.2190261,
"Plaça de Prat de la Riba 19, 08100 MOLLET DEL VALLES, Spain",41.538595,2.2134297,
"CALLE ENRIC MORERA 42, 08100 MOLLET DEL VALLES, Spain",41.5423105,2.220549,
"CALLE NICARAGUA 5, 08100 MOLLET DEL VALLES, Spain",41.5487701,2.205299,
"SALVADOR ESPRIU 32, 08100 MOLLET DEL VALLES, Spain",41.547238,2.2054979,
"Avinguda de Jaume I 77, 08100 MOLLET DEL VALLES, Spain",41.54036,2.2132852,
"ANTONI GAUDI 9, 08100 MOLLET DEL VALLÈS, Spain",41.5447327,2.2175533,
"CALLE GALLECS 17, 08100 MOLLET DEL VALLÈS, Spain",41.5442036,2.2102612,
"CALLE DE LA JUSTADA 18, 08100 MOLLET DEL VALLÈS, Spain",41.558723,2.229665,
"AVENIDA LLIBERTAT 45, 08100 MOLLET DEL VALLÈS, Spain",41.535441,2.211522,
"AVENIDA LLIBERTAT 4, 08100 MOLLET DEL VALLÈS, Spain",41.537521,2.212597,
"CALLE JOAN MARAGALL 19, 08100 MOLLET DEL VALLÈS, Spain",41.5365029,2.2064397,
"SANT JORDI 49, 08100 MOLLET DEL VALLÈS, Spain",41.5403851,2.2082685,
"CALLE ONZE DE SETEMBRE 9-13, 08100 MOLLET DEL VALLÈS, Spain",41.557192,2.223279,
"CALLE SANT VALENTI 1, 08100 MOLLET DEL VALLÈS, Spain",41.5346681,2.208184,
"AVENIDA ANTONI GAUDI 8, 08100 MOLLET DEL VALLÈS, Spain",41.544604,2.217751,
"CALLE MOLI DE CAN BASSA S/N, 08100 MOLLET DEL VALLÈS, Spain",41.5393484,2.2130934,
"AVENIDA ANTONI GAUDI 19, 08100 MOLLET DEL VALLÈS, Spain",41.5455691,2.217966,
"RAMBLA JOSEP TARRADELLAS 1-3, 08500 VIC, Spain",41.9242917,2.2519606,
"CALLE DOCTOR JUNYENT 10, 08500 VIC, Spain",41.928286,2.250602,
"PLAZA SANTS MARTIRS 26, 08500 VIC, Spain",41.930443,2.258265,
"CALLE SANT ANTONI MARIA CLARET 1, 08500 VIC, Spain",41.928181,2.254155,
"CALLE PRUIT S/N, 08500 VIC, Spain",41.93233725852713,2.248581807105943,
"AVENIDA MARTI GENIS I AGUILAR 27, 08500 VIC, Spain",41.925614,2.256292,
"CALLE MARE DE DEU DE LORDA 2, 08500 VIC, Spain",41.9199825,2.2543655,
"AVENIDA PAISOS CATALANS 95, 08500 VIC, Spain",41.928107,2.248833,
"CALLE PARE GALLISSA 5, 08500 VIC, Spain",41.93319,2.250452,
"CALLE JAUME I EL CONQUERIDOR 1, 08500 VIC, Spain",41.933051,2.254482,
"CALLE SOLEDAT 13, 08500 VIC, Spain",41.926338,2.255634,
"CALLE PERE MARTELL 80, 08917 BADALONA, Spain",41.447979,2.226439,
"CALLE GIRONA 337, 08402 GRANOLLERS, Spain",41.620874,2.292886,
"CALLE GIRONA 14, 08402 GRANOLLERS, Spain",41.609156,2.290793,
"PLAZA JAUME I 15, 08402 GRANOLLERS, Spain",41.6187803,2.2923604,
"CALLE LLUIS VIVES 45, 08402 GRANOLLERS, Spain",41.61012,2.296135,
"GIRONA, 52, 08402 GRANOLLERS, Spain",41.610811,2.291218,
"PLAZA CAN BASSA 2, 08402 GRANOLLERS, Spain",41.591002,2.287583,
"CALLE ESTEVE GARRELL 3, 08402 GRANOLLERS, Spain",41.5918442,2.2874578,
"PLAZA FONT VERDA 1, 08402 GRANOLLERS, Spain",41.607664,2.293593,
"PLAZA PAU CASALS 14, 08402 GRANOLLERS, Spain",41.606661,2.2900905,
"CALLE PRINCEP DE VIANA 8, 08401 GRANOLLERS, Spain",41.6060897,2.2874201,
"CALLE CAMP DE LES MORERES 5, 08401 GRANOLLERS, Spain",41.600349,2.283998,
"CALLE JOAN PERE FONTANELLA 41, 08401 GRANOLLERS, Spain",41.605236,2.283649,
"ESTEVE TERRADES 38, 08401 GRANOLLERS, Spain",41.597012,2.289864,
"CALLE MARE DE DEU DE MONTSERRAT 56, 08401 GRANOLLERS, Spain",41.599716,2.284432,
"CALLE MIQUEL RICOMA 92, 08401 GRANOLLERS, Spain",41.605052,2.286256,
"CALLE RAFAEL CASANOVA 56, 08401 GRANOLLERS, Spain",41.6128208,2.2862277,
"CALLE JOSEP TORRAS I BAGES 50, 08401 GRANOLLERS, Spain",41.610758,2.286951,
"CALLE ISABEL DE VILLENA 35, 08401 GRANOLLERS, Spain",41.604753,2.2845611,
"CALLE SANT JAUME 32, 08401 GRANOLLERS, Spain",41.608074,2.285551,
"CALLE TRES TORRES 16, 08401 GRANOLLERS, Spain",41.598184,2.284605,
"RAFAEL CASANOVAS 50, 08401 GRANOLLERS, Spain",41.612303,2.286192,
"RAMBLA PAISOS CATALANS 77, 08110 MONTCADA I REIXAC, Spain",41.4917237,2.1845151,
"PLAZA DALT VILA 12, 08560 MANLLEU, Spain",42.001309,2.283665,
"ENRIC DELARIS 28, 08560 MANLLEU, Spain",41.9996008,2.2830133,
"CALLE SANTA MARIA DE CORCO 23, 08560 MANLLEU, Spain",42.007475,2.290126,
"CALLE SOGORB 35-37, 08560 MANLLEU, Spain",42.005885,2.287835,
"CARRETERA RODA 18, 08560 MANLLEU, Spain",42.0021369,2.2941505,
"PLAZA FRA BERNADI 27, 08560 MANLLEU, Spain",42.000067,2.284606,
"CALLE BUTJOSA 58, 08150 PARETS DEL VALLES, Spain",41.561746,2.220329,
"CALLE VICTOR CATALA 15, 08150 PARETS DEL VALLES, Spain",41.573881,2.23778,
"LA SALUT 37 A, 08150 PARETS DEL VALLES, Spain",41.5611489,2.2207326,
"D'EN GEGANT 10, 08150 PARETS DEL VALLES, Spain",41.578753,2.221061,
"CALLE POESIA 7, 08150 PARETS DEL VALLÈS, Spain",41.572229,2.225143,
"PLAZA PAISOS CATALANS 1, 08170 MONTORNES DEL VALLES, Spain",41.54072,2.263409,
"Avinguda de l'Onze de Setembre 48, 08170 MONTORNÈS DEL VALLÈS, Spain",41.545088,2.269634,
"Carrer de Federico García Lorca 12, 08170 MONTORNES DEL VALLES, Spain",41.554961,2.2688098,
"CALLE GENERAL PRIM 6, 08170 MONTORNÈS DEL VALLÈS, Spain",41.541065,2.26597,
"CALLE SANT ISIDRE 16, 08170 MONTORNÈS DEL VALLÈS, Spain",41.543209,2.26583,
"Carrer de Jacint Verdaguer 6, 08170 MONTORNÈS DEL VALLÈS, Spain",41.5422888,2.2650062,
"AVENIDA VALLES 546, 08227 TERRASSA, Spain",41.5513878,2.0379839,
"CALLE JOSEP TARRADELLAS 28, 08160 MONTMELO, Spain",41.551118,2.244188,
"Carrer Major 16, 08160 MONTMELÓ, Spain",41.5510434,2.247244,
"JOSEP TARRADELLAS 16, 08160 MONTMELO, Spain",41.550563,2.244374,
"PLAZA SANT ISIDRE 11, 08160 MONTMELO, Spain",41.549765,2.248401,
"CALLE MAJOR 11, 08160 MONTMELO, Spain",41.551207,2.247909,
"CALLE SANTIAGO RUSI?OL 9, 08160 MONTMELÓ, Spain",41.550178,2.249563,
"CALLE L'ESTANYOL S/N, 08559 EL BRULL, Spain",41.8226966,2.2832455,
"PLAZA LA VILA 2, 08570 TORELLÓ, Spain",42.015359,2.236255,
"PLAZA BISAURA 2, 08580 SANT QUIRZE DE BESORA, Spain",42.101073,2.217682,
"AVENIDA SANT LLORENÇ S/N, 08504 SANT JULIÀ DE VILATORTA, Spain",41.9219404,2.3240651,
"CALLE GRACIA 4, 08573 ORÍS, Spain",42.0581855,2.2389118,
"PLAZA JOANOT MARTORELL 1, 08570 TORELLÓ, Spain",42.0456668,2.2699203,
"Carrer dels Marquesos de Palmerol 2, 08512 SANT HIPÒLIT DE VOLTREGÀ, Spain",42.0152733,2.2376471,
"CALLE ONZE DE SETEMBRE 29, 08508 LES MASIES DE VOLTREGÀ, Spain",42.010603,2.242566,
"CALLE SANT MARTI XIC 6, 08508 LES MASIES DE VOLTREGÀ, Spain",42.008867,2.240445,
"CALLE SANT ISIDRE 7, 08107 MARTORELLES, Spain",41.52693,2.229173,
"CALLE SANT SADURNI 37-39, 08430 LA ROCA DEL VALLES, Spain",41.587265,2.322852,
"PIERA 53, 08107 MARTORELLES, Spain",41.5274977,2.2354126,
"GERONA 191, 08400 GRANOLLERS, Spain",41.616812,2.292682,
"PASEO PINTOR SERT 19, 08120 LA LLAGOSTA, Spain",41.509611,2.195485,
"CALLE MATAGALLS 16, 08107 MARTORELLES, Spain",41.5265,2.249124,
"AVENIDA SANT MORITZ 15, 08185 LLI?A DE VALL, Spain",41.594471,2.237677,
"DE LA MUNTANYA 100, 08400 GRANOLLERS, Spain",41.6104581,2.2940159,
"CALLE CARGOLS 30, 08185 LLIÇÀ DE VALL, Spain",41.602681,2.223267,
"AVENIDA SANT JULIA 198, 08403 GRANOLLERS, Spain",41.582348,2.27289,
"CALLE GIRONA 34, 08521 LES FRANQUESES DEL VALLES, Spain",41.619149,2.296121,
"CALLE JAUME I 22, 08510 RODA DE TER, Spain",41.988853,2.309788,
"L'ALIANÇA 20, 08186 LLIÇA D'AMUNT, Spain",41.610665,2.239453,
"CALLE RAMON LLULL 17, 08400 GRANOLLERS, Spain",41.613714,2.287917,
"SANT ESTEVE 59, 08400 GRANOLLERS, Spain",41.602322,2.290638,
"BAILEN 31, 08430 ROCA DEL VALLES (LA), Spain",41.603062,2.300884,
"CR FRANCESC MACIA 261 -, 08400 GRANOLLERS, Spain",41.595942,2.286582,
"PASEO MUNTANYA 13-15, 08400 GRANOLLERS, Spain",41.605119,2.292879,
"AVENIDA RAFAEL CASANOVA 12, 08100 MOLLET DEL VALLÈS, Spain",41.537939,2.210823,
"RONDA ORIENT 14, 08100 MOLLET DEL VALLES, Spain",41.5335118,2.2173343,
"RAMBLA POMPEU FABRA 38, 08100 MOLLET DEL VALLES, Spain",41.5406662,2.2190209,
"Avinguda de Burgos 66, 08100 MOLLET DEL VALLES, Spain",41.5342606,2.2086022,
"RAMBLA NOVA 71, 08100 MOLLET DEL VALLES, Spain",41.5405396,2.2095378,
"RAMBLA POMPEU FABRA 20, 08100 MOLLET DEL VALLES, Spain",41.5394682,2.2181763,
"Avinguda de la Llibertat 2, 08100 MOLLET DEL VALLES, Spain",41.5376026,2.2126637,
"PASAJE SANT MIQUEL 16, 08100 MOLLET DEL VALLES, Spain",41.557518,2.224844,
"Carrer d'Alexander Fleming 2, 08100 MOLLET DEL VALLES, Spain",41.535557,2.211699,
"RAMBLA NOVA 93, 08100 MOLLET DEL VALLES, Spain",41.5396122,2.2099801,
"RONDA 9, 08100 MOLLET DEL VALLES, Spain",41.5440011,2.2127274,
"CALLE CARME 22-24, 08100 MOLLET DEL VALLES, Spain",41.542086,2.218924,
"AVENIDA JAUME I 207, 08100 MOLLET DEL VALLES, Spain",41.544175,2.216733,
"Carrer Miguel de Cervantes 19, 08100 MOLLET DEL VALLES, Spain",41.5433826,2.2097257,
"Carrer de Sant Joan 26, 08100 MOLLET DEL VALLES, Spain",41.5439659,2.2091274,
"Avinguda de Jaume I 57, 08100 MOLLET DEL VALLES, Spain",41.5397838,2.2128459,
"PLAZA PRAT DE LA RIBA 3, 08100 MOLLET DEL VALLES, Spain",41.5387104,2.2133356,
"Carrer de Can Pantiquet 36, 08100 MOLLET DEL VALLES, Spain",41.545883,2.2198936,
"CALLE CAN MOLLET 30, 08100 MOLLET DEL VALLES, Spain",41.5439145,2.2189898,
"Carrer de Francesc Ferrer i Guàr 15, 08100 MOLLET DEL VALLES, Spain",41.5482436,2.2055453,
"CALLE BERENGUER III 118, 08100 MOLLET DEL VALLES, Spain",41.5358002,2.2159508,
"CALLE PINEDA FOSCA 2, 08100 MOLLET DEL VALLES, Spain",41.533515,2.2158042,
"Carrer de Can Pantiquet 18, 08100 MOLLET DEL VALLES, Spain",41.545883,2.2198936,
"Carrer de Ramon Casas 9, 08100 MOLLET DEL VALLES, Spain",41.57559,2.231159,
"CAN MAGRE 23, 08100 MOLLET DEL VALLÈS, Spain",41.543891,2.219659,
"CALLE GAIETA VINZIA 60, 08100 MOLLET DEL VALLES, Spain",41.5418518,2.2095623,
"CALLE ESGLESIA 9, 08100 MOLLET DEL VALLES, Spain",41.5396471,2.2136925,
"CALLE MIGUEL DE CERVANTES 19-23, 08100 MOLLET DEL VALLES, Spain",41.5433826,2.2097257,
"CALLE FRANCESC LAYRET 18, 08100 MOLLET DEL VALLES, Spain",41.5462592,2.2041449,
"CALLE SANT FRANCESC 110, 08500 VIC, Spain",41.924075,2.257474,
"Plaça de la Catedral 6, 08500 VIC, Spain",41.9284049,2.2547101,
"CALLE LLEIDA S/N, 08500 VIC, Spain",41.9474026,2.2709104,
"CALLE PEROT ROCAGUINARDA 5, 08500 VIC, Spain",41.9284674,2.2462869,
"CARRETERA B-521 6, 08500 VIC, Spain",41.912167,2.250254,
"Carrer Eix Onze de Setembre 11, 08500 VIC, Spain",41.9351061,2.2440252,
"PLAÇA MAJOR 1, 08500 VIC, Spain",41.930072,2.254809,
"Carrer d’en Perot Rocaguinarda 29, 08500 VIC, Spain",41.933428,2.245481,
"Carrer de la Fusina 34, 08500 VIC, Spain",41.934545,2.2411,
"CALLE SANTIAGO RUSI#OL 1, 08500 VIC, Spain",41.935369,2.259931,
"CALLE NORD 1, 08500 VIC, Spain",41.934221,2.253369,
"CALLE JACINT VERDAGUER 5, 08500 VIC, Spain",41.93026,2.2533958,
"CALLE SANT FIDEL 3, 08500 VIC, Spain",41.931036,2.25604,
"CALLE RIERA 13, 08500 VIC, Spain",41.929601,2.253701,
"CALLE RAMADA 4, 08500 VIC, Spain",41.928123,2.252721,
"CALLE PRAT D'EN GALLINERS S/N, 08500 VIC, Spain",41.93233725852713,2.248581807105943,
"CTRA. DE SANT HIPÒLIT, 53 (NAU 4), 08500 VIC, Spain",42.0151553,2.2399183,
"CALLE ANSELM CLAVE 1, 08402 GRANOLLERS, Spain",41.608257,2.289582,
"CALLE GIRONA 301, 08402 GRANOLLERS, Spain",41.619406,2.293505,
"CALLE EMILI BOTEY ALSINA 14, 08402 GRANOLLERS, Spain",41.5974116,2.2883743,
"Girona 114, 08402 GRANOLLERS, Spain",41.6129399,2.2917028,
"CALLE JOAN PRIM 114, 08402 GRANOLLERS, Spain",41.612646,2.290251,
"AVENIDA PARC S/N, 08402 GRANOLLERS, Spain",41.607416,2.290591,
"PLAZA CORONA 14, 08402 GRANOLLERS, Spain",41.605768,2.288971,
"CALLE FRANCESC RIBAS 1, 08402 GRANOLLERS, Spain",41.613692,2.290712,
"GERONA 21, 08402 GRANOLLERS, Spain",41.6055729,2.2871254,
"PLAZA CORONA 9, 08402 GRANOLLERS, Spain",41.604364993478264,2.2908451760869566,
"PASEO MUNTANYA 70, 08402 GRANOLLERS, Spain",41.60727,2.293459,
"AVENIDA SANT ESTEVE 59, 08402 GRANOLLERS, Spain",41.602322,2.290638,
"CALLE JOAN PRIM 182, 08402 GRANOLLERS, Spain",41.614178,2.290713,
"CALLE JOANOT MARTORELL 272, 08402 GRANOLLERS, Spain",41.601776,2.274655,
"CALLE ALFONS IV 85, 08402 GRANOLLERS, Spain",41.603342,2.288143,
"Passeig de la Muntanya 17, 08402 GRANOLLERS, Spain",41.6104581,2.2940159,
"Carrer d' Esteve Garrell 8, 08402 GRANOLLERS, Spain",41.5918442,2.2874578,
"CL GARBI N£M. 3 -, 08150 PARETS DEL VALLES, Spain",41.562351,2.243612,
"Carrer de Prat de la Riba 31, 08150 PARETS DEL VALLES, Spain",41.55621,2.249889,
"CATALUNYA 102, 08150 PARETS DEL VALLES, Spain",41.562136,2.228582,
"Avinguda de Catalunya 92, 08150 PARETS DEL VALLES, Spain",41.5803613,2.2365932,
"Carrer del Garbí 13, 08150 PARETS DEL VALLES, Spain",41.54837,2.20901,
"Carrer d'Aragó 2, 08150 PARETS DEL VALLES, Spain",41.5745547,2.2368521,
"TENES S/N PARC LEVANT -, 08150 PARETS DEL VALLES, Spain",41.5729887,2.2329289,
"PAU CASALS 33, 08150 PARETS DEL VALLES, Spain",41.565858,2.2250231,
"CALLE SALVADOR ESPRIU 10, 08150 PARETS DEL VALLES, Spain",41.572625,2.236539,
"AVENIDA PEDRA DEL DIABLE 9, 08150 PARETS DEL VALLES, Spain",41.5673215,2.2286495,
"Avinguda de la Pedra del Diable 9, 08150 PARETS DEL VALLÈS, Spain",41.567171,2.230379,
"CL LLOBREGAT 2 -, 08150 PARETS DEL VALLES, Spain",41.556617,2.230299,
"CALLE MALLORCA 10, 08401 GRANOLLERS, Spain",41.601012,2.28658,
"RAMON LLULL 18, 08401 GRANOLLERS, Spain",41.613915,2.288827,
"MANEL MUNTANYA 5, 08401 GRANOLLERS, Spain",41.604805,2.292836,
"CALLE ANNIBAL 59, 08401 GRANOLLERS, Spain",41.606289,2.282209,
"MAGALLANES SN, 08401 GRANOLLERS, Spain",41.600382,2.2859478,
"CAMP DE LES MORERES 13, 08401 GRANOLLERS, Spain",41.600312,2.283048,
"Carrer de Villà 79, 08173 SANT CUGAT DEL VALLÈS, Spain",41.475000818333335,2.0798454466666665,
"BLAS INFANTE 14-16, 08170 MONTORNES DEL VALLES, Spain",41.541224,2.263742,
"ONCE DE SEPTIEMBRE 51, 08170 MONTORNES DEL VALLES, Spain",41.542545,2.2670557,
"MAJOR 28, 08170 MONTORNES DEL VALLES, Spain",41.542267,2.266163,
"LLIBERTAT 12, 08170 MONTORNES DEL VALLES, Spain",41.546262,2.26574,
"FEDERICO GARCIA LORCA 21, 08170 MONTORNES DEL VALLES, Spain",41.554751,2.268392,
"SUR 5, 08170 MONTORNES DEL VALLES, Spain",41.551699,2.266833,
"AVENIDA L'ONZE DE SETEMBRE 29, 08170 MONTORNES DEL VALLES, Spain",41.543279,2.264572,
"MAJOR 45, 08170 MONTORNÈS DEL VALLÈS, Spain",41.542133,2.266926,
"CAN PARELLADA SN, 08170 MONTORNÈS DEL VALLÈS, Spain",41.5650881,2.2721334,
"BLAS INFANTE 22, 08170 MONTORNÈS DEL VALLÈS, Spain",41.540865,2.263598,
"Plaça de Pau Picasso 1, 08170 MONTORNÈS DEL VALLÈS, Spain",41.5423391,2.2680755,
"Carrer de Federico García Lorca 25, 08170 MONTORNÈS DEL VALLÈS, Spain",41.554961,2.2688098,
"PLAZA JOAQUIM MIR 1, 08170 MONTORNES DEL VALLES, Spain",41.539883,2.267595,
"PLAZA DE LA CASERNA S/N, 08400 GRANOLLERS, Spain",41.6089613,2.2860199,
"BARCELONES 9, 08520 CORRO D´AVALL, Spain",41.558036,2.305185,
"MONTSERRAT 36, 08185 LLIÇA DE VALL, Spain",41.589766,2.242551,
"VALLES 1, 08520 CORRO D´AVALL, Spain",41.6365405,2.2932664,
"Carrer del Pintor Mir 2, 08160 MONTMELÓ, Spain",41.5503871,2.2501895,
"CR JOAN PRIM, 90 -, 08400 GRANOLLERS, Spain",41.612054,2.29006,
"FOLCH I TORRES 95, 08186 LLIÇA D´AMUNT, Spain",41.61124,2.240124,
"JOANOT MARTORELL 1, 08400 GRANOLLERS, Spain",41.611832,2.278499,
"CR SANT ROC, 5 -, 08400 GRANOLLERS, Spain",41.6083511,2.2883407,
"DE LES HORTES 2, 08400 GRANOLLERS, Spain",41.605402,2.281898,
"CR GRANOLLERS SABADELL KM. 13 -, 08185 LLIÇA DE VALL, Spain",41.5915542,2.2422403,
"CALLE SANTA ELISABETH 9, 08400 GRANOLLERS, Spain",41.608588,2.287688,
"GRAN 3, 08160 MONTMELO, Spain",41.551659,2.249341,
"GIRONA 210, 08400 GRANOLLERS, Spain",41.615373,2.292634,
"Avinguda Cantallops 14, 08185 LLIÇÀ DE VALL, Spain",41.580041,2.233566,
"VALENCIA 60, 08430 ROCA DEL VALLES (LA), Spain",41.603432,2.300771,
"PASEO ANDALUSIA 103, 08521 BELLAVISTA, Spain",41.621979,2.299136,
"Passeig de Sant Valerià 171, 08186 LLIÇÀ D'AMUNT, Spain",41.5898501,2.210479,
"ESPANYA 8, 08520 FRANQUESES DEL VALLES (LES), Spain",41.61676,2.295207,
"Carretera Parets a Bigues 8, 08186 LLIÇÀ D'AMUNT, Spain",41.627461,2.233883,
"CALLE JAUME GINESTI 1, 08410 VILANOVA DEL VALLES, Spain",41.553775,2.284939,
"CARRETERA MONTMELO 120, 08403 GRANOLLERS, Spain",41.5726499,2.2707572,
"Carrer de Joanot Martorell 121, 08403 GRANOLLERS, Spain",41.597161,2.214455,
"MASIA CAN MALE S/N, 08186 LLIÇA D'AMUNT, Spain",41.604612,2.241653,
"JAUME I 14, 08507 SANTA EUGÈNIA DE BERGA, Spain",41.899214,2.281841,
"PLAZA AJUNTAMENT S/N, 08522 MALLA, Spain",41.887016,2.2354564,
"CALLE PUIG 2, 08505 SANTA EULÀLIA DE RIUPRIMER, Spain",41.910534,2.189169,
"CALLE MAJOR 33, 08505 SANTA EULÀLIA DE RIUPRIMER, Spain",41.911287,2.18659,
"CALLE ELS PIRINEUS 21, 08503 GURB, Spain",41.942982,2.24811,
"CARRETERA PUIG-L'AGULLA S/N, 08504 SANT JULIÀ DE VILATORTA, Spain",41.8778754,2.3185835,
"AUTOVIA C-17 KM 81, 08580 SANT QUIRZE DE BESORA, Spain",42.098082,2.218627,
"AVENIDA JOAN MARAGALL 2, 08572 SANT PERE DE TORELLÓ, Spain",42.075069,2.295053,
"Carrer de Canigó 41, 08570 TORELLÓ, Spain",42.0507703,2.2565465,
"PLAZA JOANOT MARTORELL 19, 08570 TORELLÓ, Spain",42.045831,2.2695463,
"PLAZA NOVA 14, 08570 TORELLÓ, Spain",42.047152,2.263698,
"PLAZA LA SARDANA 6, 08570 TORELLÓ, Spain",42.052305,2.254183,
"CALLE ELS ESTUDIS 13, 08570 TORELLÓ, Spain",42.042259,2.272684,
"PLAZA VELLA 3, 08570 TORELLÓ, Spain",42.0466562,2.262131,
"Passeig de Sant Joan 66, 08560 MANLLEU, Spain",42.0051971,2.2827241,
"AVENIDA ROMA 104, 08560 MANLLEU, Spain",42.00424,2.285155,
"CALLE SANT JOSEP 2, 08510 LES MASIES DE RODA, Spain",41.991127,2.316593,
"CALLE NURIA 14, 08570 TORELLÓ, Spain",42.050215,2.256173,
"CALLE REC D'ACUMULADA 9, 08519 FOLGUEROLES, Spain",41.938631,2.311659,
"CARRETERA VIDRA KM 1, 08584 SANTA MARIA DE BESORA, Spain",42.103411,2.218444,
"MATARO A GRANOLLERS S/N, 08430 LA ROCA DEL VALLÈS, Spain",41.5873365,2.3260575,
"DEL PILAR 4, 08185 LLIÇÀ DE VALL, Spain",41.5902763,2.2242038,
"AVENIDA SANT MORITZ 15, 08185 LLIÇÀ DE VALL, Spain",41.594474,2.237636,
"CALLE MAS MORENETA S/N, 08160 MONTMELÓ, Spain",41.5515189,2.2480812,
"CALLE MIQUEL BIADA 1, 08105 SANT FOST DE CAMPSENTELLES, Spain",41.512528,2.24017,
"PAISOS CATALANS SN, 08186 LLIÇA D´AMUNT, Spain",41.612253,2.240698,
"MAJOR 1, 08160 MONTMELÓ, Spain",41.543024,2.264564,
"Carrer l'Aliança 17, 08186 LLIÇÀ D'AMUNT, Spain",41.6108773,2.2394306,
"CAN ROURE 18, 08186 LLIÇA D´AMUNT, Spain",41.592397,2.205799,
"CALLE LA FLORIDA 22, 08129 LA LLAGOSTA, Spain",41.5145864,2.1916161,
"CALLE GIRONA 20, 08120 LA LLAGOSTA, Spain",41.5122919,2.1978914,
"CAMI MAS MORENETA SN, 08160 MONTMELO, Spain",41.5515189,2.2480812,
"CALLE CANIGO 1, 08507 SANTA EUGÈNIA DE BERGA, Spain",41.900281,2.282369,
"Passeig de Can Salgot 29, 08186 LLIÇÀ D'AMUNT, Spain",41.5911301,2.208504,
"CARRETERA C-155 KM 14, 08185 LLIÇA DE VALL, Spain",41.582023,2.233908,
"ENGINYER 7-9, 08400 GRANOLLERS, Spain",41.609883,2.291278,
"BARCELONA 110, 08521 LES FRANQUESES DEL VALLES, Spain",41.618981,2.300908,
"CAMINO ELS CASTANYERS S/N, 08105 SANT FOST DE CAMPSENTELLES, Spain",41.4972238,2.2333091,
"DE LA NORIA 15, 08430 ROCA DEL VALLES, LA, Spain",41.5873365,2.3260575,
"Carrer de Cabrera 1, 08570 TORELLÓ, Spain",42.0450096,2.2720126,
"Carrer de Sant Miquel 1, 08570 TORELLÓ, Spain",42.0475412,2.2640576,
"Carrer Baronia de Montbui 42, 08186 LLIÇÀ D'AMUNT, Spain",41.6086616,2.2385231,
"CARRETERA RUBI 76-78, 08190 SANT CUGAT DEL VALLÈS, Spain",41.4799659,2.059448,
"Avinguda Montserrat 12, 08185 LLIÇÀ DE VALL, Spain",41.58788,2.241962,
"AVINGUDA D'ANGEL SALLENT 146, 08224 TERRASSA, Spain",41.5597266,1.9992249,
"Avinguda de Pompeu Fabra 24, 08160 MONTMELÓ, Spain",41.5511882,2.2484371,
"Carrer Josep Tarradellas 31, 08187 SANTA EULÀLIA DE RONÇANA, Spain",41.6391446,2.23656,
"Carrer de l'Alzina 29, 08186 LLIÇÀ D'AMUNT, Spain",41.6023153,2.1990757,
"Carrer Gran 20, 08506 CALLDETENES, Spain",41.9256656,2.2812777,
"PASEO ANDALUSIA 15-17, 08521 LES FRANQUESES DEL VALLES, Spain",41.620541,2.298,
"Carretera d'Arbúcies 21, 08507 SANTA EUGÈNIA DE BERGA, Spain",41.9049357,2.2814466,
"Carrer del Freixa 1, 17864 SANT PAU DE SEGÚRIES, Spain",42.2633408,2.366055,
"CARRETERA GIV-5262 S/N, 17534 RIBES DE FRESER, Spain",42.312623,2.175725,
"ROSELLON, 515, 08025 BARCELONA, Spain",41.39214,2.15599,
"CALLE JACINT VERDAGUER 3, 08170 MONTORNES DEL VALLES, Spain",41.5423303,2.2650845,
"Carrer Camí Vell de Vic 16, 08519 FOLGUEROLES, Spain",41.9378759,2.3100989,
"C/ PRAT DE LA RIBA, 13, 08830 SANT BOI DE LLOBREGAT, Spain",41.328468,2.030136,
"CALLE ROSSELLO 515, 08025 BARCELONA, Spain",41.4090968,2.1781574,
"RAMBLA NOVA 10, 08100 MOLLET DEL VALLÈS, Spain",41.5385814,2.2112807,
"Avinguda de la Llibertat 20, 08100 MOLLET DEL VALLES, Spain",41.535897,2.2113414,
"PLAZA PORXADA 3, 08401 GRANOLLERS, Spain",41.6079613,2.2872104,
"CALLE FRANSCESC RIBAS 64, 08402 GRANOLLERS, Spain",41.601948,2.291161,
"CALLE ENRIC MORERA 27, 08100 MOLLET DEL VALLÈS, Spain",41.54407,2.217721,
"CALLE L'ALIANÇA 7, 08186 LLIÇÀ D'AMUNT, Spain",41.610956,2.240413,
"PLAZA ESPANYA 10, 08521 BELLAVISTA, Spain",41.616853,2.294996,
"Avinguda d'Antoni Gaudí 3, 08100 MOLLET DEL VALLES, Spain",41.5444518,2.2172587,
"CALLE PALAU D'AMETLLA 15, 08170 MONTORNÈS DEL VALLÈS, Spain",41.541024,2.265456,
"RAMBLA NOVA 33-35, 08100 MOLLET DEL VALLÈS, Spain",41.5403022,2.2096674,
"AVENIDA L'ALZINAR 11, 08033 BARCELONA, Spain",41.4620385,2.1827252,
"CALLE MAJOR 66, 08170 MONTORNÈS DEL VALLÈS, Spain",41.541495,2.268399,
"Carrer Major 51, 08160 MONTMELÓ, Spain",41.5510434,2.247244,
"CALLE GIRONA 12, 08402 GRANOLLERS, Spain",41.609085,2.290795,
"Rambla Nova 3, 08100 MOLLET DEL VALLES, Spain",41.5382678,2.2113467,
"AVENIDA RIVOLI 22, 08100 MOLLET DEL VALLÈS, Spain",41.546853,2.208474,
"Carrer de Can Puig S/N, 08107 MARTORELLES, Spain",41.5309319,2.2348744,
"PERE RAMON S/N (DARRERA MERCAT S/N, 08100 MOLLET DEL VALLÈS, Spain",41.5393484,2.2130934,
"Carrer de Borrell 16, 08100 MOLLET DEL VALLES, Spain",41.5435383,2.209294,
"CALLE FRANCESC LAYRET 28, 08100 MOLLET DEL VALLÈS, Spain",41.5472792,2.2037207,
"BERENGUER III 71, 08100 MOLLET DEL VALLÈS, Spain",41.535916,2.216059,
"CALLE RIBERA D'EBRE 81, 08186 LLIÇÀ D'AMUNT, Spain",41.61695,2.217386,
"CALLE CAMP DE LES MORERES 2, 08401 GRANOLLERS, Spain",41.600644,2.284588,
"Carrer d'Anselm Clavé 13, 08100 MOLLET DEL VALLES, Spain",41.5385682,2.2143882,
"Carrer de Minetes 29, 08402 GRANOLLERS, Spain",41.6124908,2.2924203,
"ZONA ESPORTIVA SN, 08520 FRANQUESES DEL VALLES (LES), Spain",41.624908,2.296523,
"AVENIDA SANT ESTEVE 3, 08402 GRANOLLERS, Spain",41.60554,2.290798,
"CALLE BERENGUER III 168, 08100 MOLLET DEL VALLES, Spain",41.5347593,2.217216,
"AVENIDA ANTONI GAUDI 57, 08100 MOLLET DEL VALLÈS, Spain",41.548025,2.220474,
"PLAZA CORONA 4, 08402 GRANOLLERS, Spain",41.608025,2.287093,
"CALLE CASTELLTERÇOL 1-3, 08401 GRANOLLERS, Spain",41.5921277,2.2827809,
"PASEO JOAN MIRO 8, 08185 PARETS DEL VALLES, Spain",41.575797,2.231477,
"CALLE CASTELLTERÇOL 15, 08401 GRANOLLERS, Spain",41.592014,2.282676,
"Carrer de la Carrerada 5, 08107 MARTORELLES, Spain",41.5356836,2.2318948,
"AVENIDA LLUIS COMPANYS 39, 08150 PARETS DEL VALLÈS, Spain",41.571484,2.231797,
"RAMBLA NOVA 29-31, 08100 MOLLET DEL VALLÈS, Spain",41.5390911,2.2103227,
"CALLE MATARO 6, 08403 GRANOLLERS, Spain",41.6099253,2.2781179,
"PLAZA MAJOR 24, 08100 MOLLET DEL VALLES, Spain",41.5358796,2.2107797,
"AVENIDA PEDRA DEL DIABLE 6, 08150 PARETS DEL VALLES, Spain",41.556916,2.225778,
"AVENIDA CATALUNYA 24, 08150 PARETS DEL VALLÈS, Spain",41.564194,2.229359,
"CALLE GALLECS 50, 08100 MOLLET DEL VALLÈS, Spain",41.546887,2.208399,
"CALLE MAS ESTAPER 8, 08400 GRANOLLERS, Spain",41.614949,2.274585,
"GERONA 29, 08400 GRANOLLERS, Spain",41.59980545277778,2.2792591222222223,
"RAMBLA NOVA, 69 -, 08100 MOLLET DEL VALLÈS, Spain",41.5404481,2.2094442,
"CALLE JOAQUIM MIR 88, 08100 MOLLET DEL VALLES, Spain",41.5480364,2.2198141,
"AVENIDA DE LA LLIBERTAD 53, 08100 MOLLET DEL VALLÈS, Spain",41.5393484,2.2130934,
"CALLE ANSELM CLAVE 2, 08186 LLI#A D'AMUNT, Spain",41.604315,2.240457,
"PASEO FLUVIAL S/N, 08150 PARETS DEL VALLÈS, Spain",41.5729887,2.2329289,
"PLAZA LA FONT 2, 08186 LLIÇÀ D'AMUNT, Spain",41.610605,2.238703,
"Plaça de Prat de la Riba 18, 08100 MOLLET DEL VALLES, Spain",41.5386243,2.2134723,
"AVENIDA CATALUNYA 14, 08185 LLIÇA DE VALL, Spain",41.582219,2.237567,
"BLAS INFANTE 15, 08170 MONTORNÈS DEL VALLÈS, Spain",41.540502,2.263686,
"CALLE SANT ROC 17, 08401 GRANOLLERS, Spain",41.6083974,2.2884637,
"CARRETERA CALDES 151, 08186 LLIÇA D'AMUNT, Spain",41.626054,2.235808,
"PASEO MUNTANYA 90, 08402 GRANOLLERS, Spain",41.608555,2.293647,
"AVENIDA CALDES 27, 08100 MOLLET DEL VALLES, Spain",41.535578,2.213208,
"PLAZA CAN MONIC 6, 08402 GRANOLLERS, Spain",41.621871,2.295154,
"ESTACIO 2, 08500 VIC, Spain",41.930603,2.249527,
"CALLE GOMBAU DE BESORA 1, 08580 SANT QUIRZE DE BESORA, Spain",42.101058,2.223467,
"AVENIDA EUROPA 21, 08401 GRANOLLERS, Spain",41.594953,2.281838,
"DEL CALDERI S/N, 08100 MOLLET DEL VALLES, Spain",41.5334439,2.2091303,
"Carrer de la Riera 25, 08500 VIC, Spain",41.9288513,2.2533949,
"Carretera d'Olot 140, 08560 MANLLEU, Spain",42.0038057,2.2968463,
"CALLE HORTA 11, 08107 MARTORELLES, Spain",41.5267467,2.2289661,
