Deudor,Organización ventas,Canal distribución,Sector,Día semana,Turno,Nombre 1,Descripción,Descripción,Descripción,Horario inicia a,Horario termina a,Cierre Si/No
104047,235,1,8,1,1,VIENA GRANOLLERS (ANSELM CLAVE) 10,DDI MOLLET,Canal distrib.MARCA,DDI,00:00:00,23:59:59,
104047,235,1,8,2,1,VIENA GRANOLLERS (ANSELM CLAVE) 10,DDI MOLLET,Canal distrib.MARCA,DDI,00:00:00,00:00:00,
104047,235,1,8,3,1,VIENA GRANOLLERS (ANSELM CLAVE) 10,DDI MOLLET,Canal distrib.MARCA,DDI,00:00:00,23:59:59,
104047,235,1,8,4,1,VIENA GRANOLLERS (ANSELM CLAVE) 10,DDI MOLLET,Canal distrib.MARCA,DDI,00:00:00,00:00:00,
104047,235,1,8,5,1,VIENA GRANOLLERS (ANSELM CLAVE) 10,DDI MOLLET,Canal distrib.MARCA,DDI,00:00:00,00:00:00,
122348,235,1,8,1,1,FRANKFURT LEO BOECK GRANOLLERS,DDI MOLLET,Canal distrib.MARCA,DDI,10:30:00,11:00:00,
122348,235,1,8,2,1,FRANKFURT LEO BOECK GRANOLLERS,DDI MOLLET,Canal distrib.MARCA,DDI,10:30:00,11:00:00,
122348,235,1,8,3,1,FRANKFURT LEO BOECK GRANOLLERS,DDI MOLLET,Canal distrib.MARCA,DDI,10:30:00,11:00:00,
122348,235,1,8,4,1,FRANKFURT LEO BOECK GRANOLLERS,DDI MOLLET,Canal distrib.MARCA,DDI,10:30:00,11:00:00,
122348,235,1,8,5,1,FRANKFURT LEO BOECK GRANOLLERS,DDI MOLLET,Canal distrib.MARCA,DDI,10:30:00,11:00:00,
123142,235,1,8,1,1,ARAMARK MUTUA DEL CARMEN,DDI MOLLET,Canal distrib.MARCA,DDI,09:00:00,14:00:00,
123142,235,1,8,2,1,ARAMARK MUTUA DEL CARMEN,DDI MOLLET,Canal distrib.MARCA,DDI,09:00:00,14:00:00,
123142,235,1,8,3,1,ARAMARK MUTUA DEL CARMEN,DDI MOLLET,Canal distrib.MARCA,DDI,09:00:00,14:00:00,
123142,235,1,8,4,1,ARAMARK MUTUA DEL CARMEN,DDI MOLLET,Canal distrib.MARCA,DDI,09:00:00,14:00:00,
123142,235,1,8,5,1,ARAMARK MUTUA DEL CARMEN,DDI MOLLET,Canal distrib.MARCA,DDI,09:00:00,14:00:00,
128061,235,1,8,1,1,755_SUBLIME,DDI MOLLET,Canal distrib.MARCA,DDI,00:00:00,00:00:00,X
128915,235,1,8,1,1,A MOSSEGADES BURGUER,DDI MOLLET,Canal distrib.MARCA,DDI,12:30:00,15:00:00,
128915,235,1,8,2,1,A MOSSEGADES BURGUER,DDI MOLLET,Canal distrib.MARCA,DDI,12:30:00,15:00:00,
128915,235,1,8,3,1,A MOSSEGADES BURGUER,DDI MOLLET,Canal distrib.MARCA,DDI,12:30:00,15:00:00,
128915,235,1,8,4,1,A MOSSEGADES BURGUER,DDI MOLLET,Canal distrib.MARCA,DDI,12:30:00,15:00:00,
128915,235,1,8,5,1,A MOSSEGADES BURGUER,DDI MOLLET,Canal distrib.MARCA,DDI,12:30:00,15:00:00,
136720,235,1,8,1,1,UDON GRANOLLERS,DDI MOLLET,Canal distrib.MARCA,DDI,06:00:00,18:00:00,
136720,235,1,8,2,1,UDON GRANOLLERS,DDI MOLLET,Canal distrib.MARCA,DDI,06:00:00,18:00:00,
136720,235,1,8,3,1,UDON GRANOLLERS,DDI MOLLET,Canal distrib.MARCA,DDI,06:00:00,18:00:00,
136720,235,1,8,4,1,UDON GRANOLLERS,DDI MOLLET,Canal distrib.MARCA,DDI,06:00:00,18:00:00,
136720,235,1,8,5,1,UDON GRANOLLERS,DDI MOLLET,Canal distrib.MARCA,DDI,06:00:00,18:00:00,
9100040724,235,1,8,1,1,CASA FONDA EUROPA,DDI MOLLET,Canal distrib.MARCA,DDI,07:00:00,12:00:00,
9100040724,235,1,8,2,1,CASA FONDA EUROPA,DDI MOLLET,Canal distrib.MARCA,DDI,07:00:00,12:00:00,
9100040724,235,1,8,3,1,CASA FONDA EUROPA,DDI MOLLET,Canal distrib.MARCA,DDI,07:00:00,12:00:00,
9100040724,235,1,8,4,1,CASA FONDA EUROPA,DDI MOLLET,Canal distrib.MARCA,DDI,07:00:00,12:00:00,
9100040724,235,1,8,5,1,CASA FONDA EUROPA,DDI MOLLET,Canal distrib.MARCA,DDI,07:00:00,12:00:00,
9100041053,235,1,8,1,1,BAR CERVECERIA JORDI,DDI MOLLET,Canal distrib.MARCA,DDI,11:00:00,16:00:00,
9100041053,235,1,8,2,1,BAR CERVECERIA JORDI,DDI MOLLET,Canal distrib.MARCA,DDI,11:00:00,16:00:00,
9100041053,235,1,8,3,1,BAR CERVECERIA JORDI,DDI MOLLET,Canal distrib.MARCA,DDI,11:00:00,16:00:00,
9100041053,235,1,8,4,1,BAR CERVECERIA JORDI,DDI MOLLET,Canal distrib.MARCA,DDI,11:00:00,16:00:00,
9100041053,235,1,8,5,1,BAR CERVECERIA JORDI,DDI MOLLET,Canal distrib.MARCA,DDI,11:00:00,16:00:00,
9100041442,235,1,8,1,1,BAR ROMERO,DDI MOLLET,Canal distrib.MARCA,DDI,00:00:00,00:00:00,X
9100041442,235,1,8,2,1,BAR ROMERO,DDI MOLLET,Canal distrib.MARCA,DDI,08:00:00,12:30:00,
9100041442,235,1,8,3,1,BAR ROMERO,DDI MOLLET,Canal distrib.MARCA,DDI,08:00:00,12:30:00,
9100041442,235,1,8,4,1,BAR ROMERO,DDI MOLLET,Canal distrib.MARCA,DDI,08:00:00,12:30:00,
9100041442,235,1,8,5,1,BAR ROMERO,DDI MOLLET,Canal distrib.MARCA,DDI,08:00:00,12:30:00,
9100041688,235,1,8,1,1,RESTAURANTE HONG KONG,DDI MOLLET,Canal distrib.MARCA,DDI,11:00:00,16:00:00,
9100041688,235,1,8,2,1,RESTAURANTE HONG KONG,DDI MOLLET,Canal distrib.MARCA,DDI,11:00:00,16:00:00,
9100041688,235,1,8,3,1,RESTAURANTE HONG KONG,DDI MOLLET,Canal distrib.MARCA,DDI,11:00:00,16:00:00,
9100041688,235,1,8,4,1,RESTAURANTE HONG KONG,DDI MOLLET,Canal distrib.MARCA,DDI,11:00:00,16:00:00,
9100041688,235,1,8,5,1,RESTAURANTE HONG KONG,DDI MOLLET,Canal distrib.MARCA,DDI,11:00:00,16:00:00,
9100041762,235,1,8,1,1,RSTE. EL JARDI,DDI MOLLET,Canal distrib.MARCA,DDI,00:00:00,00:00:00,X
9100042070,235,1,8,1,1,ROSTISERIA CAN DANIEL,DDI MOLLET,Canal distrib.MARCA,DDI,00:00:00,00:00:00,X
9100042070,235,1,8,2,1,ROSTISERIA CAN DANIEL,DDI MOLLET,Canal distrib.MARCA,DDI,00:00:00,00:00:00,X
9100042070,235,1,8,3,1,ROSTISERIA CAN DANIEL,DDI MOLLET,Canal distrib.MARCA,DDI,00:00:00,00:00:00,X
9100042414,235,1,8,1,1,CHACHI'S BAR,DDI MOLLET,Canal distrib.MARCA,DDI,00:00:00,00:00:00,X
9100042500,235,1,8,1,1,CAFE SANT ROC,DDI MOLLET,Canal distrib.MARCA,DDI,08:00:00,11:00:00,
9100042500,235,1,8,2,1,CAFE SANT ROC,DDI MOLLET,Canal distrib.MARCA,DDI,08:00:00,11:00:00,
9100042500,235,1,8,3,1,CAFE SANT ROC,DDI MOLLET,Canal distrib.MARCA,DDI,08:00:00,11:00:00,
9100042500,235,1,8,4,1,CAFE SANT ROC,DDI MOLLET,Canal distrib.MARCA,DDI,08:00:00,11:00:00,
9100042500,235,1,8,5,1,CAFE SANT ROC,DDI MOLLET,Canal distrib.MARCA,DDI,08:00:00,11:00:00,
9100042630,235,1,8,1,1,JAVIS 3,DDI MOLLET,Canal distrib.MARCA,DDI,12:00:00,12:30:00,
9100042630,235,1,8,2,1,JAVIS 3,DDI MOLLET,Canal distrib.MARCA,DDI,12:00:00,12:30:00,
9100042630,235,1,8,3,1,JAVIS 3,DDI MOLLET,Canal distrib.MARCA,DDI,12:00:00,12:30:00,
9100042630,235,1,8,4,1,JAVIS 3,DDI MOLLET,Canal distrib.MARCA,DDI,12:00:00,12:30:00,
9100042630,235,1,8,5,1,JAVIS 3,DDI MOLLET,Canal distrib.MARCA,DDI,12:00:00,12:30:00,
9100042846,235,1,8,1,1,GRANJA D'EN PEP,DDI MOLLET,Canal distrib.MARCA,DDI,08:00:00,13:30:00,
9100042846,235,1,8,2,1,GRANJA D'EN PEP,DDI MOLLET,Canal distrib.MARCA,DDI,08:00:00,13:30:00,
9100042846,235,1,8,3,1,GRANJA D'EN PEP,DDI MOLLET,Canal distrib.MARCA,DDI,08:00:00,13:30:00,
9100042846,235,1,8,4,1,GRANJA D'EN PEP,DDI MOLLET,Canal distrib.MARCA,DDI,08:00:00,13:30:00,
9100042846,235,1,8,5,1,GRANJA D'EN PEP,DDI MOLLET,Canal distrib.MARCA,DDI,08:00:00,13:30:00,
9100042930,235,1,8,1,1,RESTAURANTE XAP,DDI MOLLET,Canal distrib.MARCA,DDI,00:00:00,00:00:00,X
9100042930,235,1,8,2,1,RESTAURANTE XAP,DDI MOLLET,Canal distrib.MARCA,DDI,00:00:00,00:00:00,X
9100042964,235,1,8,1,1,HOTEL CIUTAT DE GRANOLLERS,DDI MOLLET,Canal distrib.MARCA,DDI,08:00:00,11:00:00,
9100042964,235,1,8,2,1,HOTEL CIUTAT DE GRANOLLERS,DDI MOLLET,Canal distrib.MARCA,DDI,08:00:00,11:00:00,
9100042964,235,1,8,3,1,HOTEL CIUTAT DE GRANOLLERS,DDI MOLLET,Canal distrib.MARCA,DDI,08:00:00,11:00:00,
9100042964,235,1,8,4,1,HOTEL CIUTAT DE GRANOLLERS,DDI MOLLET,Canal distrib.MARCA,DDI,08:00:00,11:00:00,
9100042964,235,1,8,5,1,HOTEL CIUTAT DE GRANOLLERS,DDI MOLLET,Canal distrib.MARCA,DDI,08:00:00,11:00:00,
9100042975,235,1,8,1,1,BAR CLEMEN'S,DDI MOLLET,Canal distrib.MARCA,DDI,07:00:00,11:30:00,
9100042975,235,1,8,2,1,BAR CLEMEN'S,DDI MOLLET,Canal distrib.MARCA,DDI,07:00:00,11:30:00,
9100042975,235,1,8,3,1,BAR CLEMEN'S,DDI MOLLET,Canal distrib.MARCA,DDI,07:00:00,11:30:00,
9100042975,235,1,8,4,1,BAR CLEMEN'S,DDI MOLLET,Canal distrib.MARCA,DDI,07:00:00,11:30:00,
9100042975,235,1,8,5,1,BAR CLEMEN'S,DDI MOLLET,Canal distrib.MARCA,DDI,07:00:00,11:30:00,
9100043035,235,1,8,1,1,aa vv palou nord can bassa,DDI MOLLET,Canal distrib.MARCA,DDI,07:30:00,13:00:00,
9100043035,235,1,8,2,1,aa vv palou nord can bassa,DDI MOLLET,Canal distrib.MARCA,DDI,07:30:00,13:00:00,
9100043035,235,1,8,3,1,aa vv palou nord can bassa,DDI MOLLET,Canal distrib.MARCA,DDI,07:30:00,13:00:00,
9100043035,235,1,8,4,1,aa vv palou nord can bassa,DDI MOLLET,Canal distrib.MARCA,DDI,07:30:00,13:00:00,
9100043035,235,1,8,5,1,aa vv palou nord can bassa,DDI MOLLET,Canal distrib.MARCA,DDI,07:30:00,13:00:00,
9100043107,235,1,8,1,1,RESTAURANTE LOS ANGELES,DDI MOLLET,Canal distrib.MARCA,DDI,07:00:00,11:00:00,
9100043107,235,1,8,2,1,RESTAURANTE LOS ANGELES,DDI MOLLET,Canal distrib.MARCA,DDI,07:00:00,11:00:00,
9100043107,235,1,8,3,1,RESTAURANTE LOS ANGELES,DDI MOLLET,Canal distrib.MARCA,DDI,07:00:00,11:00:00,
9100043107,235,1,8,4,1,RESTAURANTE LOS ANGELES,DDI MOLLET,Canal distrib.MARCA,DDI,07:00:00,11:00:00,
9100043107,235,1,8,5,1,RESTAURANTE LOS ANGELES,DDI MOLLET,Canal distrib.MARCA,DDI,07:00:00,11:00:00,
9100043490,235,1,8,1,1,BAR CENTRAL,DDI MOLLET,Canal distrib.MARCA,DDI,09:00:00,13:00:00,
9100043490,235,1,8,2,1,BAR CENTRAL,DDI MOLLET,Canal distrib.MARCA,DDI,00:00:00,00:00:00,X
9100043490,235,1,8,3,1,BAR CENTRAL,DDI MOLLET,Canal distrib.MARCA,DDI,09:00:00,13:00:00,
9100043490,235,1,8,4,1,BAR CENTRAL,DDI MOLLET,Canal distrib.MARCA,DDI,09:00:00,13:00:00,
9100043490,235,1,8,5,1,BAR CENTRAL,DDI MOLLET,Canal distrib.MARCA,DDI,09:00:00,13:00:00,
9100043853,235,1,8,1,1,BINGO CASINO,DDI MOLLET,Canal distrib.MARCA,DDI,08:00:00,12:00:00,
9100043853,235,1,8,2,1,BINGO CASINO,DDI MOLLET,Canal distrib.MARCA,DDI,08:00:00,11:00:00,
9100043853,235,1,8,3,1,BINGO CASINO,DDI MOLLET,Canal distrib.MARCA,DDI,08:00:00,12:00:00,
9100043853,235,1,8,4,1,BINGO CASINO,DDI MOLLET,Canal distrib.MARCA,DDI,08:00:00,12:00:00,
9100043853,235,1,8,5,1,BINGO CASINO,DDI MOLLET,Canal distrib.MARCA,DDI,08:00:00,12:00:00,
9100044243,235,1,8,1,1,PUNTO,DDI MOLLET,Canal distrib.MARCA,DDI,10:00:00,14:00:00,
9100044243,235,1,8,2,1,PUNTO,DDI MOLLET,Canal distrib.MARCA,DDI,10:00:00,14:00:00,
9100044243,235,1,8,3,1,PUNTO,DDI MOLLET,Canal distrib.MARCA,DDI,10:00:00,14:00:00,
9100044243,235,1,8,4,1,PUNTO,DDI MOLLET,Canal distrib.MARCA,DDI,10:00:00,14:00:00,
9100044243,235,1,8,5,1,PUNTO,DDI MOLLET,Canal distrib.MARCA,DDI,10:00:00,14:00:00,
9100044479,235,1,8,3,1,RSTE. EL PASO,DDI MOLLET,Canal distrib.MARCA,DDI,00:00:00,00:00:00,X
9100054637,235,1,8,1,1,NOU CUSTOM BAR CAFETERIA (GRUPO CUS,DDI MOLLET,Canal distrib.MARCA,DDI,09:00:00,12:00:00,
9100054637,235,1,8,2,1,NOU CUSTOM BAR CAFETERIA (GRUPO CUS,DDI MOLLET,Canal distrib.MARCA,DDI,09:00:00,12:00:00,
9100054637,235,1,8,3,1,NOU CUSTOM BAR CAFETERIA (GRUPO CUS,DDI MOLLET,Canal distrib.MARCA,DDI,09:00:00,12:00:00,
9100054637,235,1,8,4,1,NOU CUSTOM BAR CAFETERIA (GRUPO CUS,DDI MOLLET,Canal distrib.MARCA,DDI,09:00:00,12:00:00,
9100054637,235,1,8,5,1,NOU CUSTOM BAR CAFETERIA (GRUPO CUS,DDI MOLLET,Canal distrib.MARCA,DDI,09:00:00,12:00:00,
9100054705,235,1,8,1,1,EL RACO DE LES BRASES,DDI MOLLET,Canal distrib.MARCA,DDI,00:00:00,00:00:00,X
9100054738,235,1,8,1,1,HOLA K TAL BAR,DDI MOLLET,Canal distrib.MARCA,DDI,00:00:00,00:00:00,X
9100054750,235,1,8,1,1,LOS CUESTA BAR,DDI MOLLET,Canal distrib.MARCA,DDI,07:00:00,08:30:00,
9100054750,235,1,8,2,1,LOS CUESTA BAR,DDI MOLLET,Canal distrib.MARCA,DDI,00:00:00,00:00:01,X
9100054750,235,1,8,3,1,LOS CUESTA BAR,DDI MOLLET,Canal distrib.MARCA,DDI,07:00:00,08:30:00,
9100054750,235,1,8,4,1,LOS CUESTA BAR,DDI MOLLET,Canal distrib.MARCA,DDI,07:00:00,08:30:00,
9100054750,235,1,8,5,1,LOS CUESTA BAR,DDI MOLLET,Canal distrib.MARCA,DDI,07:00:00,08:30:00,
9100054935,235,1,8,1,2,PENYA BARCELONISTA DE MOLLET,DDI MOLLET,Canal distrib.MARCA,DDI,17:00:00,21:00:00,
9100054935,235,1,8,2,2,PENYA BARCELONISTA DE MOLLET,DDI MOLLET,Canal distrib.MARCA,DDI,17:00:00,21:00:00,
9100054935,235,1,8,3,2,PENYA BARCELONISTA DE MOLLET,DDI MOLLET,Canal distrib.MARCA,DDI,17:00:00,21:00:00,
9100054935,235,1,8,4,2,PENYA BARCELONISTA DE MOLLET,DDI MOLLET,Canal distrib.MARCA,DDI,17:00:00,21:00:00,
9100054935,235,1,8,5,2,PENYA BARCELONISTA DE MOLLET,DDI MOLLET,Canal distrib.MARCA,DDI,17:00:00,21:00:00,
9100055035,235,1,8,1,1,RTE. CA LA POLI,DDI MOLLET,Canal distrib.MARCA,DDI,08:30:00,13:00:00,
9100055035,235,1,8,2,1,RTE. CA LA POLI,DDI MOLLET,Canal distrib.MARCA,DDI,08:30:00,13:00:00,
9100055035,235,1,8,3,1,RTE. CA LA POLI,DDI MOLLET,Canal distrib.MARCA,DDI,00:00:00,00:00:00,X
9100055035,235,1,8,4,1,RTE. CA LA POLI,DDI MOLLET,Canal distrib.MARCA,DDI,08:30:00,13:00:00,
9100055035,235,1,8,5,1,RTE. CA LA POLI,DDI MOLLET,Canal distrib.MARCA,DDI,08:30:00,13:00:00,
9100055101,235,1,8,1,2,U.D. MOLLETENSE,DDI MOLLET,Canal distrib.MARCA,DDI,17:00:00,18:00:00,
9100055101,235,1,8,2,2,U.D. MOLLETENSE,DDI MOLLET,Canal distrib.MARCA,DDI,17:00:00,18:00:00,
9100055101,235,1,8,3,2,U.D. MOLLETENSE,DDI MOLLET,Canal distrib.MARCA,DDI,17:00:00,18:00:00,
9100055101,235,1,8,4,2,U.D. MOLLETENSE,DDI MOLLET,Canal distrib.MARCA,DDI,17:00:00,18:00:00,
9100055101,235,1,8,5,2,U.D. MOLLETENSE,DDI MOLLET,Canal distrib.MARCA,DDI,17:00:00,18:00:00,
9100055108,235,1,8,1,1,LA TASCA BAR,DDI MOLLET,Canal distrib.MARCA,DDI,12:30:00,15:00:00,
9100055108,235,1,8,2,1,LA TASCA BAR,DDI MOLLET,Canal distrib.MARCA,DDI,12:30:00,15:00:00,
9100055108,235,1,8,3,1,LA TASCA BAR,DDI MOLLET,Canal distrib.MARCA,DDI,12:30:00,15:00:00,
9100055108,235,1,8,4,1,LA TASCA BAR,DDI MOLLET,Canal distrib.MARCA,DDI,12:30:00,15:00:00,
9100055108,235,1,8,5,1,LA TASCA BAR,DDI MOLLET,Canal distrib.MARCA,DDI,12:30:00,15:00:00,
9100055150,235,1,8,1,1,"AUTORACING MOLLET, S.L.",DDI MOLLET,Canal distrib.MARCA,DDI,08:00:00,13:00:00,
9100055150,235,1,8,2,1,"AUTORACING MOLLET, S.L.",DDI MOLLET,Canal distrib.MARCA,DDI,08:00:00,13:00:00,
9100055150,235,1,8,3,1,"AUTORACING MOLLET, S.L.",DDI MOLLET,Canal distrib.MARCA,DDI,08:00:00,13:00:00,
9100055150,235,1,8,4,1,"AUTORACING MOLLET, S.L.",DDI MOLLET,Canal distrib.MARCA,DDI,08:00:00,13:00:00,
9100055150,235,1,8,5,1,"AUTORACING MOLLET, S.L.",DDI MOLLET,Canal distrib.MARCA,DDI,08:00:00,13:00:00,
9100055201,235,1,8,1,1,COSTA BAR,DDI MOLLET,Canal distrib.MARCA,DDI,08:30:00,17:00:00,
9100055201,235,1,8,2,1,COSTA BAR,DDI MOLLET,Canal distrib.MARCA,DDI,08:30:00,17:00:00,
9100055201,235,1,8,3,1,COSTA BAR,DDI MOLLET,Canal distrib.MARCA,DDI,08:30:00,17:00:00,
9100055201,235,1,8,4,1,COSTA BAR,DDI MOLLET,Canal distrib.MARCA,DDI,08:30:00,17:00:00,
9100055201,235,1,8,5,1,COSTA BAR,DDI MOLLET,Canal distrib.MARCA,DDI,08:30:00,17:00:00,
9100055221,235,1,8,1,1,CA LA MARI ROSTISERIA,DDI MOLLET,Canal distrib.MARCA,DDI,00:00:00,00:00:00,X
9100055221,235,1,8,2,1,CA LA MARI ROSTISERIA,DDI MOLLET,Canal distrib.MARCA,DDI,08:00:00,09:00:00,
9100055221,235,1,8,3,1,CA LA MARI ROSTISERIA,DDI MOLLET,Canal distrib.MARCA,DDI,08:00:00,09:00:00,
9100055221,235,1,8,4,1,CA LA MARI ROSTISERIA,DDI MOLLET,Canal distrib.MARCA,DDI,08:00:00,09:00:00,
9100055221,235,1,8,5,1,CA LA MARI ROSTISERIA,DDI MOLLET,Canal distrib.MARCA,DDI,08:00:00,09:00:00,
9100055331,235,1,8,1,1,SA I FRESC RESTAURANT,DDI MOLLET,Canal distrib.MARCA,DDI,10:00:00,13:00:00,
9100055331,235,1,8,2,1,SA I FRESC RESTAURANT,DDI MOLLET,Canal distrib.MARCA,DDI,10:00:00,13:00:00,
9100055331,235,1,8,3,1,SA I FRESC RESTAURANT,DDI MOLLET,Canal distrib.MARCA,DDI,10:00:00,13:00:00,
9100055331,235,1,8,4,1,SA I FRESC RESTAURANT,DDI MOLLET,Canal distrib.MARCA,DDI,10:00:00,13:00:00,
9100055331,235,1,8,5,1,SA I FRESC RESTAURANT,DDI MOLLET,Canal distrib.MARCA,DDI,10:00:00,13:00:00,
9100055508,235,1,8,1,1,XURRERIA,DDI MOLLET,Canal distrib.MARCA,DDI,07:00:00,08:30:00,
9100055508,235,1,8,2,1,XURRERIA,DDI MOLLET,Canal distrib.MARCA,DDI,07:00:00,08:30:00,
9100055508,235,1,8,3,1,XURRERIA,DDI MOLLET,Canal distrib.MARCA,DDI,00:00:00,00:00:00,X
9100055508,235,1,8,4,1,XURRERIA,DDI MOLLET,Canal distrib.MARCA,DDI,07:00:00,08:30:00,
9100055508,235,1,8,5,1,XURRERIA,DDI MOLLET,Canal distrib.MARCA,DDI,07:00:00,08:30:00,
9100055620,235,1,8,3,1,MARFA BAR,DDI MOLLET,Canal distrib.MARCA,DDI,00:00:00,00:00:00,X
9100056059,235,1,8,1,1,PITAPES RESTAURANT GRANOLLES,DDI MOLLET,Canal distrib.MARCA,DDI,11:00:00,16:00:00,
9100056059,235,1,8,2,1,PITAPES RESTAURANT GRANOLLES,DDI MOLLET,Canal distrib.MARCA,DDI,11:00:00,16:00:00,
9100056059,235,1,8,3,1,PITAPES RESTAURANT GRANOLLES,DDI MOLLET,Canal distrib.MARCA,DDI,11:00:00,16:00:00,
9100056059,235,1,8,4,1,PITAPES RESTAURANT GRANOLLES,DDI MOLLET,Canal distrib.MARCA,DDI,11:00:00,16:00:00,
9100056059,235,1,8,5,1,PITAPES RESTAURANT GRANOLLES,DDI MOLLET,Canal distrib.MARCA,DDI,11:00:00,16:00:00,
9100056125,235,1,8,1,1,EVA RESTAURANTE,DDI MOLLET,Canal distrib.MARCA,DDI,08:00:00,13:00:00,
9100056125,235,1,8,2,1,EVA RESTAURANTE,DDI MOLLET,Canal distrib.MARCA,DDI,08:00:00,13:00:00,
9100056125,235,1,8,3,1,EVA RESTAURANTE,DDI MOLLET,Canal distrib.MARCA,DDI,08:00:00,13:00:00,
9100056125,235,1,8,4,1,EVA RESTAURANTE,DDI MOLLET,Canal distrib.MARCA,DDI,08:00:00,13:00:00,
9100056125,235,1,8,5,1,EVA RESTAURANTE,DDI MOLLET,Canal distrib.MARCA,DDI,08:00:00,13:00:00,
9100056293,235,1,8,1,1,PEKIN RESTAURANT,DDI MOLLET,Canal distrib.MARCA,DDI,13:00:00,16:00:00,
9100056293,235,1,8,2,1,PEKIN RESTAURANT,DDI MOLLET,Canal distrib.MARCA,DDI,13:00:00,16:00:00,
9100056293,235,1,8,3,1,PEKIN RESTAURANT,DDI MOLLET,Canal distrib.MARCA,DDI,13:00:00,16:00:00,
9100056293,235,1,8,4,1,PEKIN RESTAURANT,DDI MOLLET,Canal distrib.MARCA,DDI,13:00:00,16:00:00,
9100056293,235,1,8,5,1,PEKIN RESTAURANT,DDI MOLLET,Canal distrib.MARCA,DDI,13:00:00,16:00:00,
9100069265,235,1,8,1,1,KANSAS,DDI MOLLET,Canal distrib.MARCA,DDI,11:00:00,11:30:00,
9100069265,235,1,8,2,1,KANSAS,DDI MOLLET,Canal distrib.MARCA,DDI,11:00:00,11:30:00,
9100069265,235,1,8,3,1,KANSAS,DDI MOLLET,Canal distrib.MARCA,DDI,11:00:00,11:30:00,
9100069265,235,1,8,4,1,KANSAS,DDI MOLLET,Canal distrib.MARCA,DDI,11:00:00,11:30:00,
9100069265,235,1,8,5,1,KANSAS,DDI MOLLET,Canal distrib.MARCA,DDI,11:00:00,11:30:00,
9100075744,235,1,8,1,1,RESTAURANTE SANT SADURNI,DDI MOLLET,Canal distrib.MARCA,DDI,00:00:00,00:00:00,X
9100076545,235,1,8,1,1,CAFETERIA PANADERIA + QUE PA,DDI MOLLET,Canal distrib.MARCA,DDI,08:00:00,13:00:00,
9100076545,235,1,8,2,1,CAFETERIA PANADERIA + QUE PA,DDI MOLLET,Canal distrib.MARCA,DDI,08:00:00,13:00:00,
9100076545,235,1,8,3,1,CAFETERIA PANADERIA + QUE PA,DDI MOLLET,Canal distrib.MARCA,DDI,08:00:00,13:00:00,
9100076545,235,1,8,4,1,CAFETERIA PANADERIA + QUE PA,DDI MOLLET,Canal distrib.MARCA,DDI,08:00:00,13:00:00,
9100076545,235,1,8,5,1,CAFETERIA PANADERIA + QUE PA,DDI MOLLET,Canal distrib.MARCA,DDI,08:00:00,13:00:00,
9100076613,235,1,8,1,1,GRANJA GROC,DDI MOLLET,Canal distrib.MARCA,DDI,08:00:00,10:00:00,
9100076613,235,1,8,1,2,GRANJA GROC,DDI MOLLET,Canal distrib.MARCA,DDI,13:00:00,15:00:00,
9100076613,235,1,8,2,1,GRANJA GROC,DDI MOLLET,Canal distrib.MARCA,DDI,08:00:00,10:00:00,
9100076613,235,1,8,2,2,GRANJA GROC,DDI MOLLET,Canal distrib.MARCA,DDI,13:00:00,15:00:00,
9100076613,235,1,8,3,1,GRANJA GROC,DDI MOLLET,Canal distrib.MARCA,DDI,08:00:00,10:00:00,
9100076613,235,1,8,3,2,GRANJA GROC,DDI MOLLET,Canal distrib.MARCA,DDI,13:00:00,15:00:00,
9100076613,235,1,8,4,1,GRANJA GROC,DDI MOLLET,Canal distrib.MARCA,DDI,08:00:00,10:00:00,
9100076613,235,1,8,4,2,GRANJA GROC,DDI MOLLET,Canal distrib.MARCA,DDI,13:00:00,15:00:00,
9100076613,235,1,8,5,1,GRANJA GROC,DDI MOLLET,Canal distrib.MARCA,DDI,08:00:00,10:00:00,
9100076613,235,1,8,5,2,GRANJA GROC,DDI MOLLET,Canal distrib.MARCA,DDI,13:00:00,15:00:00,
9100087801,235,1,8,1,1,CASA CHUECOS,DDI MOLLET,Canal distrib.MARCA,DDI,11:30:00,14:00:00,
9100087801,235,1,8,2,1,CASA CHUECOS,DDI MOLLET,Canal distrib.MARCA,DDI,11:30:00,14:00:00,
9100087801,235,1,8,3,1,CASA CHUECOS,DDI MOLLET,Canal distrib.MARCA,DDI,12:30:00,14:00:00,
9100087801,235,1,8,4,1,CASA CHUECOS,DDI MOLLET,Canal distrib.MARCA,DDI,11:30:00,14:00:00,
9100087801,235,1,8,5,1,CASA CHUECOS,DDI MOLLET,Canal distrib.MARCA,DDI,11:30:00,14:00:00,
9100108910,235,1,8,1,1,PACK CATALUNYA BAR,DDI MOLLET,Canal distrib.MARCA,DDI,10:30:00,16:00:00,
9100108910,235,1,8,2,1,PACK CATALUNYA BAR,DDI MOLLET,Canal distrib.MARCA,DDI,10:30:00,16:00:00,
9100108910,235,1,8,3,1,PACK CATALUNYA BAR,DDI MOLLET,Canal distrib.MARCA,DDI,10:30:00,16:00:00,
9100108910,235,1,8,4,1,PACK CATALUNYA BAR,DDI MOLLET,Canal distrib.MARCA,DDI,10:30:00,16:00:00,
9100108910,235,1,8,5,1,PACK CATALUNYA BAR,DDI MOLLET,Canal distrib.MARCA,DDI,10:30:00,16:00:00,
9100108975,235,1,8,1,1,EL ITALIANO DE GRANOLLERS,DDI MOLLET,Canal distrib.MARCA,DDI,10:00:00,13:00:00,
9100108975,235,1,8,2,1,EL ITALIANO DE GRANOLLERS,DDI MOLLET,Canal distrib.MARCA,DDI,10:00:00,13:00:00,
9100108975,235,1,8,3,1,EL ITALIANO DE GRANOLLERS,DDI MOLLET,Canal distrib.MARCA,DDI,10:00:00,13:00:00,
9100108975,235,1,8,4,1,EL ITALIANO DE GRANOLLERS,DDI MOLLET,Canal distrib.MARCA,DDI,10:00:00,13:00:00,
9100108975,235,1,8,5,1,EL ITALIANO DE GRANOLLERS,DDI MOLLET,Canal distrib.MARCA,DDI,10:00:00,13:00:00,
9100111065,235,1,8,1,1,CAN PRAT RESTAURANT,DDI MOLLET,Canal distrib.MARCA,DDI,10:00:00,12:00:00,
9100111065,235,1,8,2,1,CAN PRAT RESTAURANT,DDI MOLLET,Canal distrib.MARCA,DDI,10:00:00,12:00:00,
9100111065,235,1,8,3,1,CAN PRAT RESTAURANT,DDI MOLLET,Canal distrib.MARCA,DDI,10:00:00,12:00:00,
9100111065,235,1,8,4,1,CAN PRAT RESTAURANT,DDI MOLLET,Canal distrib.MARCA,DDI,10:00:00,12:00:00,
9100111065,235,1,8,5,1,CAN PRAT RESTAURANT,DDI MOLLET,Canal distrib.MARCA,DDI,10:00:00,12:00:00,
9100120688,235,1,8,1,1,CAFE BAR LA FONT,DDI MOLLET,Canal distrib.MARCA,DDI,07:00:00,12:00:00,
9100120688,235,1,8,2,1,CAFE BAR LA FONT,DDI MOLLET,Canal distrib.MARCA,DDI,07:00:00,12:00:00,
9100120688,235,1,8,3,1,CAFE BAR LA FONT,DDI MOLLET,Canal distrib.MARCA,DDI,07:00:00,12:00:00,
9100120688,235,1,8,4,1,CAFE BAR LA FONT,DDI MOLLET,Canal distrib.MARCA,DDI,07:00:00,12:00:00,
9100120688,235,1,8,5,1,CAFE BAR LA FONT,DDI MOLLET,Canal distrib.MARCA,DDI,07:00:00,12:00:00,
9100121589,235,1,8,1,1,RTE CHINO TA HAO MEN,DDI MOLLET,Canal distrib.MARCA,DDI,11:30:00,13:00:00,
9100121589,235,1,8,2,1,RTE CHINO TA HAO MEN,DDI MOLLET,Canal distrib.MARCA,DDI,11:30:00,13:00:00,
9100121589,235,1,8,3,1,RTE CHINO TA HAO MEN,DDI MOLLET,Canal distrib.MARCA,DDI,11:30:00,13:00:00,
9100121589,235,1,8,4,1,RTE CHINO TA HAO MEN,DDI MOLLET,Canal distrib.MARCA,DDI,11:30:00,13:00:00,
9100121589,235,1,8,5,1,RTE CHINO TA HAO MEN,DDI MOLLET,Canal distrib.MARCA,DDI,11:30:00,13:00:00,
9100126939,235,1,8,1,1,RTE. TRES ROSES,DDI MOLLET,Canal distrib.MARCA,DDI,00:00:00,00:00:00,X
9100145545,235,1,8,3,1,FUSSION,DDI MOLLET,Canal distrib.MARCA,DDI,00:00:00,00:00:00,X
9100145545,235,1,8,4,1,FUSSION,DDI MOLLET,Canal distrib.MARCA,DDI,00:00:00,00:00:00,X
9100151827,235,1,8,1,1,CAN60 MENJAR I BEURE,DDI MOLLET,Canal distrib.MARCA,DDI,10:00:00,12:00:00,
9100151827,235,1,8,2,1,CAN60 MENJAR I BEURE,DDI MOLLET,Canal distrib.MARCA,DDI,10:00:00,12:00:00,
9100151827,235,1,8,3,1,CAN60 MENJAR I BEURE,DDI MOLLET,Canal distrib.MARCA,DDI,10:00:00,12:00:00,
9100151827,235,1,8,4,1,CAN60 MENJAR I BEURE,DDI MOLLET,Canal distrib.MARCA,DDI,10:00:00,12:00:00,
9100151827,235,1,8,5,1,CAN60 MENJAR I BEURE,DDI MOLLET,Canal distrib.MARCA,DDI,10:00:00,12:00:00,
9100153533,235,1,8,1,1,ICE CUSTOM,DDI MOLLET,Canal distrib.MARCA,DDI,07:30:00,09:00:00,
9100153533,235,1,8,2,1,ICE CUSTOM,DDI MOLLET,Canal distrib.MARCA,DDI,07:30:00,09:00:00,
9100153533,235,1,8,3,1,ICE CUSTOM,DDI MOLLET,Canal distrib.MARCA,DDI,07:30:00,09:00:00,
9100153533,235,1,8,4,1,ICE CUSTOM,DDI MOLLET,Canal distrib.MARCA,DDI,07:30:00,09:00:00,
9100153533,235,1,8,5,1,ICE CUSTOM,DDI MOLLET,Canal distrib.MARCA,DDI,07:30:00,09:00:00,
9100169285,235,1,8,1,1,TAPES,DDI MOLLET,Canal distrib.MARCA,DDI,10:30:00,11:00:00,
9100169285,235,1,8,2,1,TAPES,DDI MOLLET,Canal distrib.MARCA,DDI,10:30:00,11:00:00,
9100169285,235,1,8,3,1,TAPES,DDI MOLLET,Canal distrib.MARCA,DDI,10:30:00,11:00:00,
9100169285,235,1,8,4,1,TAPES,DDI MOLLET,Canal distrib.MARCA,DDI,10:30:00,11:00:00,
9100169285,235,1,8,5,1,TAPES,DDI MOLLET,Canal distrib.MARCA,DDI,10:30:00,11:00:00,
9100190781,235,1,8,1,1,EN BOCA RESTAURANT,DDI MOLLET,Canal distrib.MARCA,DDI,00:00:00,00:00:00,X
9100198106,235,1,8,1,1,BAR ISLA CRISTINA,DDI MOLLET,Canal distrib.MARCA,DDI,09:00:00,14:00:00,
9100198106,235,1,8,2,1,BAR ISLA CRISTINA,DDI MOLLET,Canal distrib.MARCA,DDI,09:00:00,14:00:00,
9100198106,235,1,8,3,1,BAR ISLA CRISTINA,DDI MOLLET,Canal distrib.MARCA,DDI,09:00:00,14:00:00,
9100198106,235,1,8,4,1,BAR ISLA CRISTINA,DDI MOLLET,Canal distrib.MARCA,DDI,09:00:00,14:00:00,
9100198106,235,1,8,5,1,BAR ISLA CRISTINA,DDI MOLLET,Canal distrib.MARCA,DDI,09:00:00,14:00:00,
9100199329,235,1,8,1,1,BAR PASE,DDI MOLLET,Canal distrib.MARCA,DDI,00:00:00,00:00:00,X
9100199450,235,1,8,1,1,NOU HOLIDAYS,DDI MOLLET,Canal distrib.MARCA,DDI,09:00:00,20:00:00,
9100199450,235,1,8,2,1,NOU HOLIDAYS,DDI MOLLET,Canal distrib.MARCA,DDI,09:00:00,20:00:00,
9100199450,235,1,8,3,1,NOU HOLIDAYS,DDI MOLLET,Canal distrib.MARCA,DDI,09:00:00,20:00:00,
9100199450,235,1,8,4,1,NOU HOLIDAYS,DDI MOLLET,Canal distrib.MARCA,DDI,09:00:00,20:00:00,
9100199450,235,1,8,5,1,NOU HOLIDAYS,DDI MOLLET,Canal distrib.MARCA,DDI,09:00:00,20:00:00,
9100218808,235,1,8,1,1,BRASERIA LA TEJA,DDI MOLLET,Canal distrib.MARCA,DDI,08:45:00,13:00:00,
9100218808,235,1,8,2,1,BRASERIA LA TEJA,DDI MOLLET,Canal distrib.MARCA,DDI,08:45:00,13:00:00,
9100218808,235,1,8,3,1,BRASERIA LA TEJA,DDI MOLLET,Canal distrib.MARCA,DDI,08:45:00,13:00:00,
9100218808,235,1,8,4,1,BRASERIA LA TEJA,DDI MOLLET,Canal distrib.MARCA,DDI,08:45:00,13:00:00,
9100218808,235,1,8,5,1,BRASERIA LA TEJA,DDI MOLLET,Canal distrib.MARCA,DDI,08:45:00,13:00:00,
9100230870,235,1,8,1,1,THE JOSE'S BAR PARETS,DDI MOLLET,Canal distrib.MARCA,DDI,00:00:00,00:00:00,X
9100233605,235,1,8,3,1,MARTU CITY,DDI MOLLET,Canal distrib.MARCA,DDI,00:00:00,00:00:00,X
9100253034,235,1,8,1,1,CAFETERIA ATREZZO,DDI MOLLET,Canal distrib.MARCA,DDI,11:30:00,13:00:00,
9100253034,235,1,8,2,1,CAFETERIA ATREZZO,DDI MOLLET,Canal distrib.MARCA,DDI,11:30:00,13:00:00,
9100253034,235,1,8,3,1,CAFETERIA ATREZZO,DDI MOLLET,Canal distrib.MARCA,DDI,11:30:00,13:00:00,
9100253034,235,1,8,4,1,CAFETERIA ATREZZO,DDI MOLLET,Canal distrib.MARCA,DDI,11:30:00,13:00:00,
9100253034,235,1,8,5,1,CAFETERIA ATREZZO,DDI MOLLET,Canal distrib.MARCA,DDI,11:30:00,13:00:00,
9100264438,235,1,8,3,1,CAFETERIA XURRERIA 20 JA,DDI MOLLET,Canal distrib.MARCA,DDI,00:00:00,00:00:00,X
9100264859,235,1,8,1,1,BAR LA MIRANDA,DDI MOLLET,Canal distrib.MARCA,DDI,00:00:00,00:00:00,X
9100281245,235,1,8,1,1,BONATAPA,DDI MOLLET,Canal distrib.MARCA,DDI,00:00:00,00:00:00,X
9100290959,235,1,8,1,1,"RESTAURANTE ""NANA""",DDI MOLLET,Canal distrib.MARCA,DDI,11:30:00,20:00:00,
9100290959,235,1,8,2,1,"RESTAURANTE ""NANA""",DDI MOLLET,Canal distrib.MARCA,DDI,11:30:00,20:00:00,
9100290959,235,1,8,3,1,"RESTAURANTE ""NANA""",DDI MOLLET,Canal distrib.MARCA,DDI,11:30:00,20:00:00,
9100290959,235,1,8,4,1,"RESTAURANTE ""NANA""",DDI MOLLET,Canal distrib.MARCA,DDI,11:30:00,20:00:00,
9100290959,235,1,8,5,1,"RESTAURANTE ""NANA""",DDI MOLLET,Canal distrib.MARCA,DDI,11:30:00,20:00:00,
9100291002,235,1,8,1,1,CELLER DEL FERRER,DDI MOLLET,Canal distrib.MARCA,DDI,00:00:00,00:00:00,X
9100291002,235,1,8,2,1,CELLER DEL FERRER,DDI MOLLET,Canal distrib.MARCA,DDI,00:00:00,00:00:00,X
9100296409,235,1,8,1,1,BAR CULIBLANCO - CAMPO FUTBOL ATLET,DDI MOLLET,Canal distrib.MARCA,DDI,09:00:00,11:30:00,
9100296409,235,1,8,2,1,BAR CULIBLANCO - CAMPO FUTBOL ATLET,DDI MOLLET,Canal distrib.MARCA,DDI,09:00:00,11:30:00,
9100296409,235,1,8,3,1,BAR CULIBLANCO - CAMPO FUTBOL ATLET,DDI MOLLET,Canal distrib.MARCA,DDI,09:00:00,11:30:00,
9100296409,235,1,8,4,1,BAR CULIBLANCO - CAMPO FUTBOL ATLET,DDI MOLLET,Canal distrib.MARCA,DDI,09:00:00,11:30:00,
9100296409,235,1,8,5,1,BAR CULIBLANCO - CAMPO FUTBOL ATLET,DDI MOLLET,Canal distrib.MARCA,DDI,09:00:00,11:30:00,
9100298616,235,1,8,2,1,BAR STARS,DDI MOLLET,Canal distrib.MARCA,DDI,00:00:00,00:00:00,X
9100300117,235,1,8,1,1,RESTAURANT ROCA VELL,DDI MOLLET,Canal distrib.MARCA,DDI,00:00:00,00:00:00,X
9100300117,235,1,8,2,1,RESTAURANT ROCA VELL,DDI MOLLET,Canal distrib.MARCA,DDI,00:00:00,00:00:00,X
9100309566,235,1,8,1,1,restaurant gust d'asia,DDI MOLLET,Canal distrib.MARCA,DDI,11:30:00,13:00:00,
9100309566,235,1,8,2,1,restaurant gust d'asia,DDI MOLLET,Canal distrib.MARCA,DDI,11:30:00,13:00:00,
9100309566,235,1,8,3,1,restaurant gust d'asia,DDI MOLLET,Canal distrib.MARCA,DDI,11:30:00,13:00:00,
9100309566,235,1,8,4,1,restaurant gust d'asia,DDI MOLLET,Canal distrib.MARCA,DDI,11:30:00,13:00:00,
9100309566,235,1,8,5,1,restaurant gust d'asia,DDI MOLLET,Canal distrib.MARCA,DDI,11:30:00,13:00:00,
9100326765,235,1,8,1,1,PAQUI FORN DE PA,DDI MOLLET,Canal distrib.MARCA,DDI,07:00:00,14:00:00,
9100326765,235,1,8,2,1,PAQUI FORN DE PA,DDI MOLLET,Canal distrib.MARCA,DDI,07:00:00,14:00:00,
9100326765,235,1,8,3,1,PAQUI FORN DE PA,DDI MOLLET,Canal distrib.MARCA,DDI,07:00:00,14:00:00,
9100326765,235,1,8,4,1,PAQUI FORN DE PA,DDI MOLLET,Canal distrib.MARCA,DDI,07:00:00,14:00:00,
9100326765,235,1,8,5,1,PAQUI FORN DE PA,DDI MOLLET,Canal distrib.MARCA,DDI,07:00:00,14:00:00,
9100331748,235,1,8,1,1,CAFETERIA PASTELERIA CALDERON,DDI MOLLET,Canal distrib.MARCA,DDI,07:00:00,13:00:00,
9100331748,235,1,8,2,1,CAFETERIA PASTELERIA CALDERON,DDI MOLLET,Canal distrib.MARCA,DDI,07:00:00,13:00:00,
9100331748,235,1,8,3,1,CAFETERIA PASTELERIA CALDERON,DDI MOLLET,Canal distrib.MARCA,DDI,07:00:00,13:00:00,
9100331748,235,1,8,4,1,CAFETERIA PASTELERIA CALDERON,DDI MOLLET,Canal distrib.MARCA,DDI,07:00:00,13:00:00,
9100331748,235,1,8,5,1,CAFETERIA PASTELERIA CALDERON,DDI MOLLET,Canal distrib.MARCA,DDI,07:00:00,13:00:00,
9100334970,235,1,8,1,1,KALIU,DDI MOLLET,Canal distrib.MARCA,DDI,00:00:00,00:00:00,X
9100341135,235,1,8,1,1,ATARASII,DDI MOLLET,Canal distrib.MARCA,DDI,11:30:00,16:00:00,
9100341135,235,1,8,2,1,ATARASII,DDI MOLLET,Canal distrib.MARCA,DDI,11:30:00,16:00:00,
9100341135,235,1,8,3,1,ATARASII,DDI MOLLET,Canal distrib.MARCA,DDI,11:30:00,16:00:00,
9100341135,235,1,8,4,1,ATARASII,DDI MOLLET,Canal distrib.MARCA,DDI,11:30:00,16:00:00,
9100341135,235,1,8,5,1,ATARASII,DDI MOLLET,Canal distrib.MARCA,DDI,11:30:00,16:00:00,
9100342696,235,1,8,2,1,baranur,DDI MOLLET,Canal distrib.MARCA,DDI,00:00:00,00:00:00,X
9100350049,235,1,8,3,1,BAR LA PETRA II,DDI MOLLET,Canal distrib.MARCA,DDI,00:00:00,00:00:00,X
9100364948,235,1,8,1,1,MAPS,DDI MOLLET,Canal distrib.MARCA,DDI,10:30:00,20:00:00,
9100364948,235,1,8,2,1,MAPS,DDI MOLLET,Canal distrib.MARCA,DDI,10:30:00,20:00:00,
9100364948,235,1,8,3,1,MAPS,DDI MOLLET,Canal distrib.MARCA,DDI,10:30:00,20:00:00,
9100364948,235,1,8,4,1,MAPS,DDI MOLLET,Canal distrib.MARCA,DDI,10:30:00,20:00:00,
9100364948,235,1,8,5,1,MAPS,DDI MOLLET,Canal distrib.MARCA,DDI,10:30:00,20:00:00,
9100366736,235,1,8,1,1,BAR LAS PALMERAS,DDI MOLLET,Canal distrib.MARCA,DDI,00:00:00,00:00:00,X
9100366737,235,1,8,3,1,RESTAURANTE AVENIDA ( PARETS ),DDI MOLLET,Canal distrib.MARCA,DDI,00:00:00,00:00:00,X
9100373488,235,1,8,1,1,PIZZA VALLES,DDI MOLLET,Canal distrib.MARCA,DDI,09:00:00,09:15:00,
9100373488,235,1,8,2,1,PIZZA VALLES,DDI MOLLET,Canal distrib.MARCA,DDI,09:00:00,09:15:00,
9100373488,235,1,8,3,1,PIZZA VALLES,DDI MOLLET,Canal distrib.MARCA,DDI,09:00:00,09:15:00,
9100373488,235,1,8,4,1,PIZZA VALLES,DDI MOLLET,Canal distrib.MARCA,DDI,09:00:00,09:15:00,
9100373488,235,1,8,5,1,PIZZA VALLES,DDI MOLLET,Canal distrib.MARCA,DDI,09:00:00,09:15:00,
9100373489,235,1,8,1,1,CAMP DE TIR,DDI MOLLET,Canal distrib.MARCA,DDI,09:00:00,12:00:00,
9100373489,235,1,8,2,1,CAMP DE TIR,DDI MOLLET,Canal distrib.MARCA,DDI,09:00:00,12:00:00,
9100373489,235,1,8,3,1,CAMP DE TIR,DDI MOLLET,Canal distrib.MARCA,DDI,09:00:00,12:00:00,
9100373489,235,1,8,4,1,CAMP DE TIR,DDI MOLLET,Canal distrib.MARCA,DDI,09:00:00,12:00:00,
9100373489,235,1,8,5,1,CAMP DE TIR,DDI MOLLET,Canal distrib.MARCA,DDI,09:00:00,12:00:00,
9100373624,235,1,8,1,1,restaurant gust d'asia,DDI MOLLET,Canal distrib.MARCA,DDI,11:30:00,13:00:00,
9100373624,235,1,8,2,1,restaurant gust d'asia,DDI MOLLET,Canal distrib.MARCA,DDI,11:30:00,13:00:00,
9100373624,235,1,8,3,1,restaurant gust d'asia,DDI MOLLET,Canal distrib.MARCA,DDI,11:30:00,13:00:00,
9100373624,235,1,8,4,1,restaurant gust d'asia,DDI MOLLET,Canal distrib.MARCA,DDI,11:30:00,13:00:00,
9100373624,235,1,8,5,1,restaurant gust d'asia,DDI MOLLET,Canal distrib.MARCA,DDI,11:30:00,13:00:00,
9100381733,235,1,8,1,1,GELATO DI FABIO,DDI MOLLET,Canal distrib.MARCA,DDI,08:00:00,13:00:00,
9100381733,235,1,8,2,1,GELATO DI FABIO,DDI MOLLET,Canal distrib.MARCA,DDI,08:00:00,13:00:00,
9100381733,235,1,8,3,1,GELATO DI FABIO,DDI MOLLET,Canal distrib.MARCA,DDI,08:00:00,13:00:00,
9100381733,235,1,8,4,1,GELATO DI FABIO,DDI MOLLET,Canal distrib.MARCA,DDI,08:00:00,13:00:00,
9100381733,235,1,8,5,1,GELATO DI FABIO,DDI MOLLET,Canal distrib.MARCA,DDI,08:00:00,13:00:00,
9100381913,235,1,8,1,1,LA ROCA VILLAGE RTE PASARELA (GVC),DDI MOLLET,Canal distrib.MARCA,DDI,10:00:00,13:00:00,
9100381913,235,1,8,2,1,LA ROCA VILLAGE RTE PASARELA (GVC),DDI MOLLET,Canal distrib.MARCA,DDI,10:00:00,13:00:00,
9100381913,235,1,8,3,1,LA ROCA VILLAGE RTE PASARELA (GVC),DDI MOLLET,Canal distrib.MARCA,DDI,10:00:00,13:00:00,
9100381913,235,1,8,4,1,LA ROCA VILLAGE RTE PASARELA (GVC),DDI MOLLET,Canal distrib.MARCA,DDI,10:00:00,13:00:00,
9100381913,235,1,8,5,1,LA ROCA VILLAGE RTE PASARELA (GVC),DDI MOLLET,Canal distrib.MARCA,DDI,10:00:00,13:00:00,
9100386692,235,1,8,1,2,EL JARDIN DEL EDEN,DDI MOLLET,Canal distrib.MARCA,DDI,16:30:00,19:00:00,
9100386692,235,1,8,2,2,EL JARDIN DEL EDEN,DDI MOLLET,Canal distrib.MARCA,DDI,16:30:00,19:00:00,
9100386692,235,1,8,3,2,EL JARDIN DEL EDEN,DDI MOLLET,Canal distrib.MARCA,DDI,16:30:00,19:00:00,
9100386692,235,1,8,4,2,EL JARDIN DEL EDEN,DDI MOLLET,Canal distrib.MARCA,DDI,16:30:00,19:00:00,
9100386692,235,1,8,5,2,EL JARDIN DEL EDEN,DDI MOLLET,Canal distrib.MARCA,DDI,16:30:00,19:00:00,
9100397815,235,1,8,1,1,CF. MOLLET,DDI MOLLET,Canal distrib.MARCA,DDI,06:45:00,07:15:00,
9100397815,235,1,8,2,1,CF. MOLLET,DDI MOLLET,Canal distrib.MARCA,DDI,06:45:00,07:15:00,
9100397815,235,1,8,3,1,CF. MOLLET,DDI MOLLET,Canal distrib.MARCA,DDI,06:45:00,07:15:00,
9100397815,235,1,8,4,1,CF. MOLLET,DDI MOLLET,Canal distrib.MARCA,DDI,06:45:00,07:15:00,
9100397815,235,1,8,5,1,CF. MOLLET,DDI MOLLET,Canal distrib.MARCA,DDI,06:45:00,07:15:00,
9100398390,235,1,8,1,1,RACO DE PARETS,DDI MOLLET,Canal distrib.MARCA,DDI,00:00:00,00:00:00,X
9100398390,235,1,8,2,1,RACO DE PARETS,DDI MOLLET,Canal distrib.MARCA,DDI,00:00:00,00:00:00,X
9100398390,235,1,8,3,1,RACO DE PARETS,DDI MOLLET,Canal distrib.MARCA,DDI,00:00:00,00:00:00,X
9100403364,235,1,8,1,1,GRACIELA PANADERIA-CAFETERIA,DDI MOLLET,Canal distrib.MARCA,DDI,00:00:00,00:00:00,X
9100403752,235,1,8,1,1,VIKEL'S PARETS,DDI MOLLET,Canal distrib.MARCA,DDI,08:00:00,14:00:00,
9100403752,235,1,8,2,1,VIKEL'S PARETS,DDI MOLLET,Canal distrib.MARCA,DDI,08:00:00,14:00:00,
9100403752,235,1,8,3,1,VIKEL'S PARETS,DDI MOLLET,Canal distrib.MARCA,DDI,08:00:00,14:00:00,
9100403752,235,1,8,4,1,VIKEL'S PARETS,DDI MOLLET,Canal distrib.MARCA,DDI,08:00:00,14:00:00,
9100403752,235,1,8,5,1,VIKEL'S PARETS,DDI MOLLET,Canal distrib.MARCA,DDI,08:00:00,14:00:00,
9100404927,235,1,8,1,1,BAR RESTAURANTE NACHA,DDI MOLLET,Canal distrib.MARCA,DDI,00:00:00,00:00:00,X
9100405022,235,1,8,1,1,NAVU GRANOLLERS,DDI MOLLET,Canal distrib.MARCA,DDI,10:00:00,13:00:00,
9100405022,235,1,8,2,1,NAVU GRANOLLERS,DDI MOLLET,Canal distrib.MARCA,DDI,10:00:00,13:00:00,
9100405022,235,1,8,3,1,NAVU GRANOLLERS,DDI MOLLET,Canal distrib.MARCA,DDI,10:00:00,13:00:00,
9100405022,235,1,8,4,1,NAVU GRANOLLERS,DDI MOLLET,Canal distrib.MARCA,DDI,10:00:00,13:00:00,
9100405022,235,1,8,5,1,NAVU GRANOLLERS,DDI MOLLET,Canal distrib.MARCA,DDI,10:00:00,13:00:00,
9100412948,235,1,8,1,1,cultural can rovira,DDI MOLLET,Canal distrib.MARCA,DDI,00:00:00,00:00:00,X
9100415580,235,1,8,1,1,BAR STREET FOODLE (JOAN PRIM),DDI MOLLET,Canal distrib.MARCA,DDI,11:30:00,13:30:00,
9100415580,235,1,8,2,1,BAR STREET FOODLE (JOAN PRIM),DDI MOLLET,Canal distrib.MARCA,DDI,11:30:00,13:30:00,
9100415580,235,1,8,3,1,BAR STREET FOODLE (JOAN PRIM),DDI MOLLET,Canal distrib.MARCA,DDI,11:30:00,13:30:00,
9100415580,235,1,8,4,1,BAR STREET FOODLE (JOAN PRIM),DDI MOLLET,Canal distrib.MARCA,DDI,11:30:00,13:30:00,
9100415580,235,1,8,5,1,BAR STREET FOODLE (JOAN PRIM),DDI MOLLET,Canal distrib.MARCA,DDI,11:30:00,13:30:00,
9100419295,235,1,8,1,1,BAR NUNU,DDI MOLLET,Canal distrib.MARCA,DDI,00:00:00,00:00:00,X
9100420608,235,1,8,1,1,BAR LA SALA,DDI MOLLET,Canal distrib.MARCA,DDI,06:30:00,08:30:30,
9100420608,235,1,8,2,1,BAR LA SALA,DDI MOLLET,Canal distrib.MARCA,DDI,06:30:00,08:30:30,
9100420608,235,1,8,3,1,BAR LA SALA,DDI MOLLET,Canal distrib.MARCA,DDI,06:30:00,08:30:30,
9100420608,235,1,8,4,1,BAR LA SALA,DDI MOLLET,Canal distrib.MARCA,DDI,06:30:00,08:30:30,
9100420608,235,1,8,5,1,BAR LA SALA,DDI MOLLET,Canal distrib.MARCA,DDI,06:30:00,08:30:30,
9100424060,235,1,8,1,1,BAR GRANJA VINZIA,DDI MOLLET,Canal distrib.MARCA,DDI,07:30:00,12:30:00,
9100424060,235,1,8,2,1,BAR GRANJA VINZIA,DDI MOLLET,Canal distrib.MARCA,DDI,07:30:00,12:30:00,
9100424060,235,1,8,3,1,BAR GRANJA VINZIA,DDI MOLLET,Canal distrib.MARCA,DDI,07:30:00,12:30:00,
9100424060,235,1,8,4,1,BAR GRANJA VINZIA,DDI MOLLET,Canal distrib.MARCA,DDI,07:30:00,12:30:00,
9100424060,235,1,8,5,1,BAR GRANJA VINZIA,DDI MOLLET,Canal distrib.MARCA,DDI,07:30:00,12:30:00,
9100442788,235,1,8,1,1,COROMINES COFFEE & BAKERY,DDI MOLLET,Canal distrib.MARCA,DDI,08:00:00,13:00:00,
9100442788,235,1,8,2,1,COROMINES COFFEE & BAKERY,DDI MOLLET,Canal distrib.MARCA,DDI,08:00:00,13:00:00,
9100442788,235,1,8,3,1,COROMINES COFFEE & BAKERY,DDI MOLLET,Canal distrib.MARCA,DDI,08:00:00,13:00:00,
9100442788,235,1,8,4,1,COROMINES COFFEE & BAKERY,DDI MOLLET,Canal distrib.MARCA,DDI,08:00:00,13:00:00,
9100442788,235,1,8,5,1,COROMINES COFFEE & BAKERY,DDI MOLLET,Canal distrib.MARCA,DDI,08:00:00,13:00:00,
9100442923,235,1,8,1,1,DALHIA PASTISSERIA,DDI MOLLET,Canal distrib.MARCA,DDI,00:00:00,00:00:00,X
9100445846,235,1,8,1,1,CHEESE BUCKS,DDI MOLLET,Canal distrib.MARCA,DDI,12:30:00,15:00:00,
9100445846,235,1,8,2,1,CHEESE BUCKS,DDI MOLLET,Canal distrib.MARCA,DDI,12:30:00,15:00:00,
9100445846,235,1,8,3,1,CHEESE BUCKS,DDI MOLLET,Canal distrib.MARCA,DDI,12:30:00,15:00:00,
9100445846,235,1,8,4,1,CHEESE BUCKS,DDI MOLLET,Canal distrib.MARCA,DDI,12:30:00,15:00:00,
9100445846,235,1,8,5,1,CHEESE BUCKS,DDI MOLLET,Canal distrib.MARCA,DDI,12:30:00,15:00:00,
9100449523,235,1,8,1,1,KISEMA BAR CERVECERIA,DDI MOLLET,Canal distrib.MARCA,DDI,00:00:00,00:00:00,X
9100453074,235,1,8,1,1,CAN GALLINA,DDI MOLLET,Canal distrib.MARCA,DDI,10:00:00,12:00:00,
9100453074,235,1,8,2,1,CAN GALLINA,DDI MOLLET,Canal distrib.MARCA,DDI,10:00:00,12:00:00,
9100453074,235,1,8,3,1,CAN GALLINA,DDI MOLLET,Canal distrib.MARCA,DDI,10:00:00,12:00:00,
9100453074,235,1,8,4,1,CAN GALLINA,DDI MOLLET,Canal distrib.MARCA,DDI,10:00:00,12:00:00,
9100453074,235,1,8,5,1,CAN GALLINA,DDI MOLLET,Canal distrib.MARCA,DDI,10:00:00,12:00:00,
9100466534,235,1,8,1,1,ROSTISSERIA LLIÇÀ,DDI MOLLET,Canal distrib.MARCA,DDI,00:00:00,00:00:00,X
9100466534,235,1,8,2,1,ROSTISSERIA LLIÇÀ,DDI MOLLET,Canal distrib.MARCA,DDI,00:00:00,00:00:00,X
9100468142,235,1,8,1,1,Marlau Rostisseria,DDI MOLLET,Canal distrib.MARCA,DDI,00:00:00,00:00:00,X
9100468142,235,1,8,2,1,Marlau Rostisseria,DDI MOLLET,Canal distrib.MARCA,DDI,00:00:00,00:00:00,X
9100468142,235,1,8,3,1,Marlau Rostisseria,DDI MOLLET,Canal distrib.MARCA,DDI,00:00:00,00:00:00,X
9100479079,235,1,8,1,1,RESTAURANTE EL SPOT,DDI MOLLET,Canal distrib.MARCA,DDI,08:00:00,16:00:00,
9100479079,235,1,8,2,1,RESTAURANTE EL SPOT,DDI MOLLET,Canal distrib.MARCA,DDI,08:00:00,16:00:00,
9100479079,235,1,8,3,1,RESTAURANTE EL SPOT,DDI MOLLET,Canal distrib.MARCA,DDI,08:00:00,16:00:00,
9100479079,235,1,8,4,1,RESTAURANTE EL SPOT,DDI MOLLET,Canal distrib.MARCA,DDI,08:00:00,16:00:00,
9100479079,235,1,8,5,1,RESTAURANTE EL SPOT,DDI MOLLET,Canal distrib.MARCA,DDI,08:00:00,16:00:00,
9100480482,235,1,8,1,1,BAR MILANA BRASERIA,DDI MOLLET,Canal distrib.MARCA,DDI,09:00:00,18:00:00,
9100480482,235,1,8,2,1,BAR MILANA BRASERIA,DDI MOLLET,Canal distrib.MARCA,DDI,09:00:00,18:00:00,
9100480482,235,1,8,3,1,BAR MILANA BRASERIA,DDI MOLLET,Canal distrib.MARCA,DDI,09:00:00,18:00:00,
9100480482,235,1,8,4,1,BAR MILANA BRASERIA,DDI MOLLET,Canal distrib.MARCA,DDI,09:00:00,18:00:00,
9100480482,235,1,8,5,1,BAR MILANA BRASERIA,DDI MOLLET,Canal distrib.MARCA,DDI,09:00:00,18:00:00,
9100484329,235,1,8,1,1,RESTAURANTE MASIA PALOU,DDI MOLLET,Canal distrib.MARCA,DDI,07:30:00,12:00:00,
9100484329,235,1,8,2,1,RESTAURANTE MASIA PALOU,DDI MOLLET,Canal distrib.MARCA,DDI,07:30:00,12:00:00,
9100484329,235,1,8,3,1,RESTAURANTE MASIA PALOU,DDI MOLLET,Canal distrib.MARCA,DDI,07:30:00,12:00:00,
9100484329,235,1,8,4,1,RESTAURANTE MASIA PALOU,DDI MOLLET,Canal distrib.MARCA,DDI,07:30:00,12:00:00,
9100484329,235,1,8,5,1,RESTAURANTE MASIA PALOU,DDI MOLLET,Canal distrib.MARCA,DDI,07:30:00,12:00:00,
9100486030,235,1,8,1,1,CAMPO FUTBOL PARETS,DDI MOLLET,Canal distrib.MARCA,DDI,07:00:00,10:00:00,
9100486030,235,1,8,2,1,CAMPO FUTBOL PARETS,DDI MOLLET,Canal distrib.MARCA,DDI,07:00:00,10:00:00,
9100486030,235,1,8,3,1,CAMPO FUTBOL PARETS,DDI MOLLET,Canal distrib.MARCA,DDI,07:00:00,10:00:00,
9100486030,235,1,8,4,1,CAMPO FUTBOL PARETS,DDI MOLLET,Canal distrib.MARCA,DDI,07:00:00,10:00:00,
9100486030,235,1,8,5,1,CAMPO FUTBOL PARETS,DDI MOLLET,Canal distrib.MARCA,DDI,07:00:00,10:00:00,
9100489640,235,1,8,1,1,BAR CA LA CISCA,DDI MOLLET,Canal distrib.MARCA,DDI,00:00:00,00:00:00,X
9100492349,235,1,8,1,1,ROSTISSERIA LA ROTONDA,DDI MOLLET,Canal distrib.MARCA,DDI,00:00:00,00:00:00,X
9100492349,235,1,8,2,1,ROSTISSERIA LA ROTONDA,DDI MOLLET,Canal distrib.MARCA,DDI,00:00:00,00:00:00,X
9100492349,235,1,8,3,1,ROSTISSERIA LA ROTONDA,DDI MOLLET,Canal distrib.MARCA,DDI,00:00:00,00:00:00,X
9100492605,235,1,8,2,1,ALEX DONNER KEBAB,DDI MOLLET,Canal distrib.MARCA,DDI,00:00:00,00:00:00,X
9100493598,235,1,8,1,1,RESTAURANT LA SALUT,DDI MOLLET,Canal distrib.MARCA,DDI,00:00:00,00:00:00,X
9100493598,235,1,8,2,1,RESTAURANT LA SALUT,DDI MOLLET,Canal distrib.MARCA,DDI,09:00:00,12:00:00,
9100493598,235,1,8,3,1,RESTAURANT LA SALUT,DDI MOLLET,Canal distrib.MARCA,DDI,09:00:00,12:00:00,
9100493598,235,1,8,4,1,RESTAURANT LA SALUT,DDI MOLLET,Canal distrib.MARCA,DDI,09:00:00,12:00:00,
9100493598,235,1,8,5,1,RESTAURANT LA SALUT,DDI MOLLET,Canal distrib.MARCA,DDI,09:00:00,12:00:00,
9100494087,235,1,8,1,1,SEVEN DAYS RAMBLA NOVA,DDI MOLLET,Canal distrib.MARCA,DDI,09:00:00,21:00:00,
9100494087,235,1,8,2,1,SEVEN DAYS RAMBLA NOVA,DDI MOLLET,Canal distrib.MARCA,DDI,09:00:00,21:00:00,
9100494087,235,1,8,3,1,SEVEN DAYS RAMBLA NOVA,DDI MOLLET,Canal distrib.MARCA,DDI,09:00:00,21:00:00,
9100494087,235,1,8,4,1,SEVEN DAYS RAMBLA NOVA,DDI MOLLET,Canal distrib.MARCA,DDI,09:00:00,21:00:00,
9100494087,235,1,8,5,1,SEVEN DAYS RAMBLA NOVA,DDI MOLLET,Canal distrib.MARCA,DDI,09:00:00,21:00:00,
9100497829,235,1,8,3,1,BAR LOS ARCES,DDI MOLLET,Canal distrib.MARCA,DDI,00:00:00,00:00:00,X
9100503002,235,1,8,1,1,LA VERMOOD,DDI MOLLET,Canal distrib.MARCA,DDI,10:30:00,16:00:00,
9100503002,235,1,8,2,1,LA VERMOOD,DDI MOLLET,Canal distrib.MARCA,DDI,10:30:00,16:00:00,
9100503002,235,1,8,3,1,LA VERMOOD,DDI MOLLET,Canal distrib.MARCA,DDI,10:30:00,16:00:00,
9100503002,235,1,8,4,1,LA VERMOOD,DDI MOLLET,Canal distrib.MARCA,DDI,10:30:00,16:00:00,
9100503002,235,1,8,5,1,LA VERMOOD,DDI MOLLET,Canal distrib.MARCA,DDI,10:30:00,16:00:00,
9100503205,235,1,8,2,1,BAR FRAYMAN,DDI MOLLET,Canal distrib.MARCA,DDI,00:00:00,00:00:00,X
9100503664,235,1,8,1,1,BAR CAFETERIA LLIÇÀ D’AMUNT,DDI MOLLET,Canal distrib.MARCA,DDI,11:00:00,15:00:00,
9100503664,235,1,8,2,1,BAR CAFETERIA LLIÇÀ D’AMUNT,DDI MOLLET,Canal distrib.MARCA,DDI,11:00:00,15:00:00,
9100503664,235,1,8,3,1,BAR CAFETERIA LLIÇÀ D’AMUNT,DDI MOLLET,Canal distrib.MARCA,DDI,11:00:00,15:00:00,
9100503664,235,1,8,4,1,BAR CAFETERIA LLIÇÀ D’AMUNT,DDI MOLLET,Canal distrib.MARCA,DDI,11:00:00,15:00:00,
9100503664,235,1,8,5,1,BAR CAFETERIA LLIÇÀ D’AMUNT,DDI MOLLET,Canal distrib.MARCA,DDI,11:00:00,15:00:00,
9100507051,235,1,8,1,2,CLUB RUGBY SPARTANS GRANOLLERS,DDI MOLLET,Canal distrib.MARCA,DDI,17:00:00,21:00:00,
9100507051,235,1,8,2,2,CLUB RUGBY SPARTANS GRANOLLERS,DDI MOLLET,Canal distrib.MARCA,DDI,17:00:00,21:00:00,
9100507051,235,1,8,3,2,CLUB RUGBY SPARTANS GRANOLLERS,DDI MOLLET,Canal distrib.MARCA,DDI,17:00:00,21:00:00,
9100507051,235,1,8,4,2,CLUB RUGBY SPARTANS GRANOLLERS,DDI MOLLET,Canal distrib.MARCA,DDI,17:00:00,21:00:00,
9100507051,235,1,8,5,2,CLUB RUGBY SPARTANS GRANOLLERS,DDI MOLLET,Canal distrib.MARCA,DDI,17:00:00,21:00:00,
9100511992,235,1,8,1,1,LA TREMENDA,DDI MOLLET,Canal distrib.MARCA,DDI,10:00:00,14:00:00,
9100511992,235,1,8,2,1,LA TREMENDA,DDI MOLLET,Canal distrib.MARCA,DDI,10:00:00,14:00:00,
9100511992,235,1,8,3,1,LA TREMENDA,DDI MOLLET,Canal distrib.MARCA,DDI,10:00:00,14:00:00,
9100511992,235,1,8,4,1,LA TREMENDA,DDI MOLLET,Canal distrib.MARCA,DDI,10:00:00,14:00:00,
9100511992,235,1,8,5,1,LA TREMENDA,DDI MOLLET,Canal distrib.MARCA,DDI,10:00:00,14:00:00,
9100512193,235,1,8,1,1,SEVEN DAYS SUPER (ESTACIÓ),DDI MOLLET,Canal distrib.MARCA,DDI,09:00:00,21:00:00,
9100512193,235,1,8,2,1,SEVEN DAYS SUPER (ESTACIÓ),DDI MOLLET,Canal distrib.MARCA,DDI,09:00:00,21:00:00,
9100512193,235,1,8,3,1,SEVEN DAYS SUPER (ESTACIÓ),DDI MOLLET,Canal distrib.MARCA,DDI,09:00:00,21:00:00,
9100512193,235,1,8,4,1,SEVEN DAYS SUPER (ESTACIÓ),DDI MOLLET,Canal distrib.MARCA,DDI,09:00:00,21:00:00,
9100512193,235,1,8,5,1,SEVEN DAYS SUPER (ESTACIÓ),DDI MOLLET,Canal distrib.MARCA,DDI,09:00:00,21:00:00,
9100513397,235,1,8,1,1,BAR LA VERMUTERIA,DDI MOLLET,Canal distrib.MARCA,DDI,11:00:00,16:00:00,
9100513397,235,1,8,2,1,BAR LA VERMUTERIA,DDI MOLLET,Canal distrib.MARCA,DDI,11:00:00,16:00:00,
9100513397,235,1,8,3,1,BAR LA VERMUTERIA,DDI MOLLET,Canal distrib.MARCA,DDI,11:00:00,16:00:00,
9100513397,235,1,8,4,1,BAR LA VERMUTERIA,DDI MOLLET,Canal distrib.MARCA,DDI,11:00:00,16:00:00,
9100513397,235,1,8,5,1,BAR LA VERMUTERIA,DDI MOLLET,Canal distrib.MARCA,DDI,11:00:00,16:00:00,
9100517443,235,1,8,1,1,CAFETERIA JALEY,DDI MOLLET,Canal distrib.MARCA,DDI,11:00:00,12:30:00,
9100517443,235,1,8,2,1,CAFETERIA JALEY,DDI MOLLET,Canal distrib.MARCA,DDI,11:00:00,12:30:00,
9100517443,235,1,8,3,1,CAFETERIA JALEY,DDI MOLLET,Canal distrib.MARCA,DDI,11:00:00,12:30:00,
9100517443,235,1,8,4,1,CAFETERIA JALEY,DDI MOLLET,Canal distrib.MARCA,DDI,11:00:00,12:30:00,
9100517443,235,1,8,5,1,CAFETERIA JALEY,DDI MOLLET,Canal distrib.MARCA,DDI,11:00:00,12:30:00,
9100519944,235,1,8,1,1,RESTAURANTE SUSHIGAWA,DDI MOLLET,Canal distrib.MARCA,DDI,12:00:00,16:00:00,
9100519944,235,1,8,2,1,RESTAURANTE SUSHIGAWA,DDI MOLLET,Canal distrib.MARCA,DDI,12:00:00,16:00:00,
9100519944,235,1,8,3,1,RESTAURANTE SUSHIGAWA,DDI MOLLET,Canal distrib.MARCA,DDI,12:00:00,16:00:00,
9100519944,235,1,8,4,1,RESTAURANTE SUSHIGAWA,DDI MOLLET,Canal distrib.MARCA,DDI,12:00:00,16:00:00,
9100519944,235,1,8,5,1,RESTAURANTE SUSHIGAWA,DDI MOLLET,Canal distrib.MARCA,DDI,12:00:00,16:00:00,
9100520929,235,1,8,1,1,BAR GUILLERMO,DDI MOLLET,Canal distrib.MARCA,DDI,13:00:00,13:30:00,
9100520929,235,1,8,2,1,BAR GUILLERMO,DDI MOLLET,Canal distrib.MARCA,DDI,13:00:00,13:30:00,
9100520929,235,1,8,3,1,BAR GUILLERMO,DDI MOLLET,Canal distrib.MARCA,DDI,13:00:00,13:30:00,
9100520929,235,1,8,4,1,BAR GUILLERMO,DDI MOLLET,Canal distrib.MARCA,DDI,13:00:00,13:30:00,
9100520929,235,1,8,5,1,BAR GUILLERMO,DDI MOLLET,Canal distrib.MARCA,DDI,13:00:00,13:30:00,
9100521678,235,1,8,1,1,PAPUA COLL DE LA MANYA,DDI MOLLET,Canal distrib.MARCA,DDI,06:00:00,11:00:00,
9100521678,235,1,8,2,1,PAPUA COLL DE LA MANYA,DDI MOLLET,Canal distrib.MARCA,DDI,06:00:00,11:00:00,
9100521678,235,1,8,3,1,PAPUA COLL DE LA MANYA,DDI MOLLET,Canal distrib.MARCA,DDI,06:00:00,11:00:00,
9100521678,235,1,8,4,1,PAPUA COLL DE LA MANYA,DDI MOLLET,Canal distrib.MARCA,DDI,06:00:00,11:00:00,
9100521678,235,1,8,5,1,PAPUA COLL DE LA MANYA,DDI MOLLET,Canal distrib.MARCA,DDI,06:00:00,11:00:00,
9100521964,235,1,8,1,1,A&H BEER ISTANBUL KEBAB,DDI MOLLET,Canal distrib.MARCA,DDI,12:00:00,20:00:00,
9100521964,235,1,8,2,1,A&H BEER ISTANBUL KEBAB,DDI MOLLET,Canal distrib.MARCA,DDI,12:00:00,20:00:00,
9100521964,235,1,8,3,1,A&H BEER ISTANBUL KEBAB,DDI MOLLET,Canal distrib.MARCA,DDI,12:00:00,20:00:00,
9100521964,235,1,8,4,1,A&H BEER ISTANBUL KEBAB,DDI MOLLET,Canal distrib.MARCA,DDI,12:00:00,20:00:00,
9100521964,235,1,8,5,1,A&H BEER ISTANBUL KEBAB,DDI MOLLET,Canal distrib.MARCA,DDI,12:00:00,20:00:00,
9100523980,235,1,8,1,1,CONFIDENCIAL,DDI MOLLET,Canal distrib.MARCA,DDI,00:00:00,00:00:00,X
9100526891,235,1,8,1,1,ALMANSA BAR,DDI MOLLET,Canal distrib.MARCA,DDI,00:00:00,00:00:00,X
9100528985,235,1,8,1,1,SALTING GRANOLLERS,DDI MOLLET,Canal distrib.MARCA,DDI,11:00:00,14:00:00,
9100528985,235,1,8,2,1,SALTING GRANOLLERS,DDI MOLLET,Canal distrib.MARCA,DDI,11:00:00,14:00:00,
9100528985,235,1,8,3,1,SALTING GRANOLLERS,DDI MOLLET,Canal distrib.MARCA,DDI,11:00:00,14:00:00,
9100528985,235,1,8,4,1,SALTING GRANOLLERS,DDI MOLLET,Canal distrib.MARCA,DDI,11:00:00,14:00:00,
9100528985,235,1,8,5,1,SALTING GRANOLLERS,DDI MOLLET,Canal distrib.MARCA,DDI,11:00:00,14:00:00,
9100530920,235,1,8,1,1,VILAMARIA GASTROBAR,DDI MOLLET,Canal distrib.MARCA,DDI,00:00:00,00:00:00,X
9100535566,235,1,8,1,1,las peñas,DDI MOLLET,Canal distrib.MARCA,DDI,11:30:00,18:00:00,
9100535566,235,1,8,2,1,las peñas,DDI MOLLET,Canal distrib.MARCA,DDI,11:30:00,18:00:00,
9100535566,235,1,8,3,1,las peñas,DDI MOLLET,Canal distrib.MARCA,DDI,11:30:00,18:00:00,
9100535566,235,1,8,4,1,las peñas,DDI MOLLET,Canal distrib.MARCA,DDI,11:30:00,18:00:00,
9100535566,235,1,8,5,1,las peñas,DDI MOLLET,Canal distrib.MARCA,DDI,11:30:00,18:00:00,
9100537107,235,1,8,1,1,GENSO BY IZAKAYA,DDI MOLLET,Canal distrib.MARCA,DDI,00:00:00,00:00:00,X
9100542069,235,1,8,1,1, BAR BISHOP,DDI MOLLET,Canal distrib.MARCA,DDI,12:00:00,12:30:00,X
9100542069,235,1,8,2,1, BAR BISHOP,DDI MOLLET,Canal distrib.MARCA,DDI,12:00:00,12:30:00,
9100542069,235,1,8,3,1, BAR BISHOP,DDI MOLLET,Canal distrib.MARCA,DDI,12:00:00,12:30:00,
9100542069,235,1,8,4,1, BAR BISHOP,DDI MOLLET,Canal distrib.MARCA,DDI,12:00:00,12:30:00,
9100542069,235,1,8,5,1, BAR BISHOP,DDI MOLLET,Canal distrib.MARCA,DDI,12:00:00,12:30:00,
9100545339,235,1,8,1,1,BAR TAPAS EL ESCONDITE,DDI MOLLET,Canal distrib.MARCA,DDI,11:30:00,17:00:00,
9100545339,235,1,8,2,1,BAR TAPAS EL ESCONDITE,DDI MOLLET,Canal distrib.MARCA,DDI,11:30:00,17:00:00,
9100545339,235,1,8,3,1,BAR TAPAS EL ESCONDITE,DDI MOLLET,Canal distrib.MARCA,DDI,11:30:00,17:00:00,
9100545339,235,1,8,4,1,BAR TAPAS EL ESCONDITE,DDI MOLLET,Canal distrib.MARCA,DDI,11:30:00,17:00:00,
9100545339,235,1,8,5,1,BAR TAPAS EL ESCONDITE,DDI MOLLET,Canal distrib.MARCA,DDI,11:30:00,17:00:00,
9100545628,235,1,8,1,1,PITAPES BERENGUER,DDI MOLLET,Canal distrib.MARCA,DDI,11:30:00,13:00:00,
9100545628,235,1,8,2,1,PITAPES BERENGUER,DDI MOLLET,Canal distrib.MARCA,DDI,11:30:00,13:00:00,
9100545628,235,1,8,3,1,PITAPES BERENGUER,DDI MOLLET,Canal distrib.MARCA,DDI,11:30:00,13:00:00,
9100545628,235,1,8,4,1,PITAPES BERENGUER,DDI MOLLET,Canal distrib.MARCA,DDI,11:30:00,13:00:00,
9100545628,235,1,8,5,1,PITAPES BERENGUER,DDI MOLLET,Canal distrib.MARCA,DDI,11:30:00,13:00:00,
9100546081,235,1,8,2,1,ESPAI GASTROBAR,DDI MOLLET,Canal distrib.MARCA,DDI,00:00:00,00:00:00,X
9100547290,235,1,8,2,1,BAR SERRA LLIÇA,DDI MOLLET,Canal distrib.MARCA,DDI,00:00:00,00:00:00,X
9100551431,235,1,8,1,1,BAR CENTRE VALLES,DDI MOLLET,Canal distrib.MARCA,DDI,08:00:00,12:30:00,
9100551431,235,1,8,2,1,BAR CENTRE VALLES,DDI MOLLET,Canal distrib.MARCA,DDI,08:00:00,12:30:00,
9100551431,235,1,8,3,1,BAR CENTRE VALLES,DDI MOLLET,Canal distrib.MARCA,DDI,08:00:00,12:30:00,
9100551431,235,1,8,4,1,BAR CENTRE VALLES,DDI MOLLET,Canal distrib.MARCA,DDI,08:00:00,12:30:00,
9100551431,235,1,8,5,1,BAR CENTRE VALLES,DDI MOLLET,Canal distrib.MARCA,DDI,08:00:00,12:30:00,
9100553092,235,1,8,3,1,GARDEN PIZZA (GRANOLLERS),DDI MOLLET,Canal distrib.MARCA,DDI,10:00:00,13:00:00,
9100558674,235,1,8,1,1,BAR RESTAURANT ALMANSA,DDI MOLLET,Canal distrib.MARCA,DDI,09:30:00,22:00:00,
9100558674,235,1,8,2,1,BAR RESTAURANT ALMANSA,DDI MOLLET,Canal distrib.MARCA,DDI,09:30:00,22:00:00,
9100558674,235,1,8,3,1,BAR RESTAURANT ALMANSA,DDI MOLLET,Canal distrib.MARCA,DDI,09:30:00,22:00:00,
9100558674,235,1,8,4,1,BAR RESTAURANT ALMANSA,DDI MOLLET,Canal distrib.MARCA,DDI,09:30:00,22:00:00,
9100558674,235,1,8,5,1,BAR RESTAURANT ALMANSA,DDI MOLLET,Canal distrib.MARCA,DDI,09:30:00,22:00:00,
9100559085,235,1,8,1,2,CAMP FUTBOL MARTORELLES (BAR),DDI MOLLET,Canal distrib.MARCA,DDI,17:00:00,21:00:00,
9100559085,235,1,8,2,2,CAMP FUTBOL MARTORELLES (BAR),DDI MOLLET,Canal distrib.MARCA,DDI,17:00:00,21:00:00,
9100559085,235,1,8,3,2,CAMP FUTBOL MARTORELLES (BAR),DDI MOLLET,Canal distrib.MARCA,DDI,17:00:00,21:00:00,
9100559085,235,1,8,4,2,CAMP FUTBOL MARTORELLES (BAR),DDI MOLLET,Canal distrib.MARCA,DDI,17:00:00,21:00:00,
9100559085,235,1,8,5,2,CAMP FUTBOL MARTORELLES (BAR),DDI MOLLET,Canal distrib.MARCA,DDI,17:00:00,21:00:00,
9100559291,235,1,8,1,1,INDOORWALL GRANOLLERS,DDI MOLLET,Canal distrib.MARCA,DDI,11:00:00,21:00:00,
9100559291,235,1,8,2,1,INDOORWALL GRANOLLERS,DDI MOLLET,Canal distrib.MARCA,DDI,11:00:00,21:00:00,
9100559291,235,1,8,3,1,INDOORWALL GRANOLLERS,DDI MOLLET,Canal distrib.MARCA,DDI,11:00:00,21:00:00,
9100559291,235,1,8,4,1,INDOORWALL GRANOLLERS,DDI MOLLET,Canal distrib.MARCA,DDI,11:00:00,21:00:00,
9100559291,235,1,8,5,1,INDOORWALL GRANOLLERS,DDI MOLLET,Canal distrib.MARCA,DDI,11:00:00,21:00:00,
9100559590,235,1,8,1,1,CA LA SABINA,DDI MOLLET,Canal distrib.MARCA,DDI,00:00:00,00:00:00,X
9100560544,235,1,8,1,1,CAFETERIA LUISIANA,DDI MOLLET,Canal distrib.MARCA,DDI,07:00:00,13:00:00,
9100560544,235,1,8,2,1,CAFETERIA LUISIANA,DDI MOLLET,Canal distrib.MARCA,DDI,07:00:00,13:00:00,
9100560544,235,1,8,3,1,CAFETERIA LUISIANA,DDI MOLLET,Canal distrib.MARCA,DDI,07:00:00,13:00:00,
9100560544,235,1,8,4,1,CAFETERIA LUISIANA,DDI MOLLET,Canal distrib.MARCA,DDI,07:00:00,13:00:00,
9100560544,235,1,8,5,1,CAFETERIA LUISIANA,DDI MOLLET,Canal distrib.MARCA,DDI,07:00:00,13:00:00,
9100563161,235,1,8,1,1,CAFE BAR 83,DDI MOLLET,Canal distrib.MARCA,DDI,00:00:00,00:00:00,X
9100563722,235,1,8,1,1,BAR LA CUCA,DDI MOLLET,Canal distrib.MARCA,DDI,12:00:00,12:30:00,
9100563722,235,1,8,2,1,BAR LA CUCA,DDI MOLLET,Canal distrib.MARCA,DDI,12:00:00,12:30:00,
9100563722,235,1,8,3,1,BAR LA CUCA,DDI MOLLET,Canal distrib.MARCA,DDI,12:00:00,12:30:00,
9100563722,235,1,8,4,1,BAR LA CUCA,DDI MOLLET,Canal distrib.MARCA,DDI,12:00:00,12:30:00,
9100563722,235,1,8,5,1,BAR LA CUCA,DDI MOLLET,Canal distrib.MARCA,DDI,12:00:00,12:30:00,
9100565225,235,1,8,1,1,PISCINAS LES CREMADES,DDI MOLLET,Canal distrib.MARCA,DDI,07:30:00,10:00:00,
9100565225,235,1,8,2,1,PISCINAS LES CREMADES,DDI MOLLET,Canal distrib.MARCA,DDI,07:30:00,10:00:00,
9100565225,235,1,8,3,1,PISCINAS LES CREMADES,DDI MOLLET,Canal distrib.MARCA,DDI,07:30:00,10:00:00,
9100565225,235,1,8,4,1,PISCINAS LES CREMADES,DDI MOLLET,Canal distrib.MARCA,DDI,07:30:00,10:00:00,
9100565225,235,1,8,5,1,PISCINAS LES CREMADES,DDI MOLLET,Canal distrib.MARCA,DDI,07:30:00,10:00:00,
9100565630,235,1,8,1,1,BAR SUPABOYS,DDI MOLLET,Canal distrib.MARCA,DDI,00:00:00,00:00:00,X
9100566100,235,1,8,1,1,OH LA LA,DDI MOLLET,Canal distrib.MARCA,DDI,08:00:00,16:30:38,
9100568067,235,1,8,1,1,SUSHI HE GRANOLLERS,DDI MOLLET,Canal distrib.MARCA,DDI,11:30:00,16:00:00,
9100568067,235,1,8,2,1,SUSHI HE GRANOLLERS,DDI MOLLET,Canal distrib.MARCA,DDI,11:30:00,16:00:00,
9100568067,235,1,8,3,1,SUSHI HE GRANOLLERS,DDI MOLLET,Canal distrib.MARCA,DDI,11:30:00,16:00:00,
9100568067,235,1,8,4,1,SUSHI HE GRANOLLERS,DDI MOLLET,Canal distrib.MARCA,DDI,11:30:00,16:00:00,
9100568067,235,1,8,5,1,SUSHI HE GRANOLLERS,DDI MOLLET,Canal distrib.MARCA,DDI,11:30:00,16:00:00,
9100569006,235,1,8,1,1,PASTISSERIA JOAN,DDI MOLLET,Canal distrib.MARCA,DDI,00:00:00,00:00:00,X
9100570635,235,1,8,1,1,ROYAL HARYANVI INDIAN RESTAURANTE,DDI MOLLET,Canal distrib.MARCA,DDI,12:00:00,22:00:00,
9100570635,235,1,8,2,1,ROYAL HARYANVI INDIAN RESTAURANTE,DDI MOLLET,Canal distrib.MARCA,DDI,12:00:00,22:00:00,
9100570635,235,1,8,3,1,ROYAL HARYANVI INDIAN RESTAURANTE,DDI MOLLET,Canal distrib.MARCA,DDI,12:00:00,22:00:00,
9100570635,235,1,8,4,1,ROYAL HARYANVI INDIAN RESTAURANTE,DDI MOLLET,Canal distrib.MARCA,DDI,12:00:00,22:00:00,
9100570635,235,1,8,5,1,ROYAL HARYANVI INDIAN RESTAURANTE,DDI MOLLET,Canal distrib.MARCA,DDI,12:00:00,22:00:00,
9100574514,235,1,8,1,1,COREFO (BAR),DDI MOLLET,Canal distrib.MARCA,DDI,00:00:00,00:00:00,X
9100579782,235,1,8,2,1,BAR  EL NOU TUNEL,DDI MOLLET,Canal distrib.MARCA,DDI,00:00:01,00:00:02,
9100580344,235,1,8,1,1,PACK CATALUNYA BAR,DDI MOLLET,Canal distrib.MARCA,DDI,10:30:00,16:00:00,
9100580344,235,1,8,2,1,PACK CATALUNYA BAR,DDI MOLLET,Canal distrib.MARCA,DDI,10:30:00,16:00:00,
9100580344,235,1,8,3,1,PACK CATALUNYA BAR,DDI MOLLET,Canal distrib.MARCA,DDI,10:30:00,16:00:00,
9100580344,235,1,8,4,1,PACK CATALUNYA BAR,DDI MOLLET,Canal distrib.MARCA,DDI,10:30:00,16:00:00,
9100580344,235,1,8,5,1,PACK CATALUNYA BAR,DDI MOLLET,Canal distrib.MARCA,DDI,10:30:00,16:00:00,
9100587829,235,1,8,1,1,BAR ZHOU,DDI MOLLET,Canal distrib.MARCA,DDI,09:30:00,13:00:00,
9100587829,235,1,8,2,1,BAR ZHOU,DDI MOLLET,Canal distrib.MARCA,DDI,09:30:00,13:00:00,
9100587829,235,1,8,3,1,BAR ZHOU,DDI MOLLET,Canal distrib.MARCA,DDI,09:30:00,13:00:00,
9100587829,235,1,8,4,1,BAR ZHOU,DDI MOLLET,Canal distrib.MARCA,DDI,09:30:00,13:00:00,
9100587829,235,1,8,5,1,BAR ZHOU,DDI MOLLET,Canal distrib.MARCA,DDI,09:30:00,20:00:00,
9100591127,235,1,8,3,1,MING BAR RESTAURANTE,DDI MOLLET,Canal distrib.MARCA,DDI,00:00:00,00:00:00,X
9100601980,235,1,8,1,1,MODERN FOOD,DDI MOLLET,Canal distrib.MARCA,DDI,10:30:00,16:00:00,
9100601980,235,1,8,2,1,MODERN FOOD,DDI MOLLET,Canal distrib.MARCA,DDI,10:30:00,16:00:00,
9100601980,235,1,8,3,1,MODERN FOOD,DDI MOLLET,Canal distrib.MARCA,DDI,10:30:00,16:00:00,
9100601980,235,1,8,4,1,MODERN FOOD,DDI MOLLET,Canal distrib.MARCA,DDI,10:30:00,16:00:00,
9100601980,235,1,8,5,1,MODERN FOOD,DDI MOLLET,Canal distrib.MARCA,DDI,10:30:00,16:00:00,
9100615213,235,1,8,1,1,CLUB ESPORTIU LLIÇA D'AMUNT,DDI MOLLET,Canal distrib.MARCA,DDI,07:00:00,08:15:00,
9100615213,235,1,8,2,1,CLUB ESPORTIU LLIÇA D'AMUNT,DDI MOLLET,Canal distrib.MARCA,DDI,07:00:00,08:15:00,
9100615213,235,1,8,3,1,CLUB ESPORTIU LLIÇA D'AMUNT,DDI MOLLET,Canal distrib.MARCA,DDI,07:00:00,08:15:00,
9100615213,235,1,8,4,1,CLUB ESPORTIU LLIÇA D'AMUNT,DDI MOLLET,Canal distrib.MARCA,DDI,07:00:00,08:15:00,
9100615213,235,1,8,5,1,CLUB ESPORTIU LLIÇA D'AMUNT,DDI MOLLET,Canal distrib.MARCA,DDI,07:00:00,08:15:00,
9100620847,235,1,8,1,1,CAN GALLINA GASTROBAR,DDI MOLLET,Canal distrib.MARCA,DDI,10:00:00,12:00:00,
9100620847,235,1,8,2,1,CAN GALLINA GASTROBAR,DDI MOLLET,Canal distrib.MARCA,DDI,10:00:00,12:00:00,
9100620847,235,1,8,3,1,CAN GALLINA GASTROBAR,DDI MOLLET,Canal distrib.MARCA,DDI,10:00:00,12:00:00,
9100620847,235,1,8,4,1,CAN GALLINA GASTROBAR,DDI MOLLET,Canal distrib.MARCA,DDI,10:00:00,12:00:00,
9100620847,235,1,8,5,1,CAN GALLINA GASTROBAR,DDI MOLLET,Canal distrib.MARCA,DDI,10:00:00,12:00:00,
9100621389,235,1,8,1,1,BAR LA CANTINA,DDI MOLLET,Canal distrib.MARCA,DDI,07:00:00,10:00:00,
9100621389,235,1,8,2,1,BAR LA CANTINA,DDI MOLLET,Canal distrib.MARCA,DDI,07:00:00,10:00:00,
9100621389,235,1,8,3,1,BAR LA CANTINA,DDI MOLLET,Canal distrib.MARCA,DDI,07:00:00,10:00:00,
9100621389,235,1,8,4,1,BAR LA CANTINA,DDI MOLLET,Canal distrib.MARCA,DDI,07:00:00,10:00:00,
9100621389,235,1,8,5,1,BAR LA CANTINA,DDI MOLLET,Canal distrib.MARCA,DDI,07:00:00,10:00:00,
9100629126,235,1,8,1,1,DONNER POMPEU FABRA,DDI MOLLET,Canal distrib.MARCA,DDI,13:00:00,20:00:00,
9100629126,235,1,8,2,1,DONNER POMPEU FABRA,DDI MOLLET,Canal distrib.MARCA,DDI,13:00:00,20:00:00,
9100629126,235,1,8,3,1,DONNER POMPEU FABRA,DDI MOLLET,Canal distrib.MARCA,DDI,13:00:00,20:00:00,
9100629126,235,1,8,4,1,DONNER POMPEU FABRA,DDI MOLLET,Canal distrib.MARCA,DDI,13:00:00,20:00:00,
9100629126,235,1,8,5,1,DONNER POMPEU FABRA,DDI MOLLET,Canal distrib.MARCA,DDI,13:00:00,20:00:00,
9100629788,235,1,8,1,1,BAR ALEBRIJES,DDI MOLLET,Canal distrib.MARCA,DDI,13:15:00,16:00:00,
9100629788,235,1,8,2,1,BAR ALEBRIJES,DDI MOLLET,Canal distrib.MARCA,DDI,13:15:00,16:00:00,
9100629788,235,1,8,3,1,BAR ALEBRIJES,DDI MOLLET,Canal distrib.MARCA,DDI,13:15:00,16:00:00,
9100629788,235,1,8,4,1,BAR ALEBRIJES,DDI MOLLET,Canal distrib.MARCA,DDI,13:15:00,16:00:00,
9100629788,235,1,8,5,1,BAR ALEBRIJES,DDI MOLLET,Canal distrib.MARCA,DDI,13:15:00,16:00:00,
9100640315,235,1,8,1,1,CHAMPANILLO CARDEDEU,DDI MOLLET,Canal distrib.MARCA,DDI,06:00:00,18:00:00,
9100640315,235,1,8,2,1,CHAMPANILLO CARDEDEU,DDI MOLLET,Canal distrib.MARCA,DDI,06:00:00,18:00:00,
9100640315,235,1,8,3,1,CHAMPANILLO CARDEDEU,DDI MOLLET,Canal distrib.MARCA,DDI,06:00:00,18:00:00,
9100640315,235,1,8,4,1,CHAMPANILLO CARDEDEU,DDI MOLLET,Canal distrib.MARCA,DDI,06:00:00,18:00:00,
9100640315,235,1,8,5,1,CHAMPANILLO CARDEDEU,DDI MOLLET,Canal distrib.MARCA,DDI,06:00:00,18:00:00,
9100642384,235,1,8,1,1,KANSAS,DDI MOLLET,Canal distrib.MARCA,DDI,09:00:00,13:00:00,
9100642384,235,1,8,2,1,KANSAS,DDI MOLLET,Canal distrib.MARCA,DDI,09:00:00,13:00:00,
9100642384,235,1,8,3,1,KANSAS,DDI MOLLET,Canal distrib.MARCA,DDI,09:00:00,13:00:00,
9100642384,235,1,8,4,1,KANSAS,DDI MOLLET,Canal distrib.MARCA,DDI,09:00:00,13:00:00,
9100642384,235,1,8,5,1,KANSAS,DDI MOLLET,Canal distrib.MARCA,DDI,09:00:00,13:00:00,
9100643487,235,1,8,1,1,BAR JALEY (PARETS),DDI MOLLET,Canal distrib.MARCA,DDI,07:00:00,13:00:00,
9100643487,235,1,8,2,1,BAR JALEY (PARETS),DDI MOLLET,Canal distrib.MARCA,DDI,07:00:00,13:00:00,
9100643487,235,1,8,3,1,BAR JALEY (PARETS),DDI MOLLET,Canal distrib.MARCA,DDI,07:00:00,13:00:00,
9100643487,235,1,8,4,1,BAR JALEY (PARETS),DDI MOLLET,Canal distrib.MARCA,DDI,07:00:00,13:00:00,
9100646865,235,1,8,1,1,IBERICUS TERRASSA,DDI MOLLET,Canal distrib.MARCA,DDI,08:00:00,13:00:00,
9100646865,235,1,8,2,1,IBERICUS TERRASSA,DDI MOLLET,Canal distrib.MARCA,DDI,08:00:00,13:00:00,
9100646865,235,1,8,3,1,IBERICUS TERRASSA,DDI MOLLET,Canal distrib.MARCA,DDI,08:00:00,13:00:00,
9100646865,235,1,8,4,1,IBERICUS TERRASSA,DDI MOLLET,Canal distrib.MARCA,DDI,08:00:00,13:00:00,
9100646865,235,1,8,5,1,IBERICUS TERRASSA,DDI MOLLET,Canal distrib.MARCA,DDI,08:00:00,13:00:00,
9100646871,235,1,8,1,1,IBERICUS CENTRAL,DDI MOLLET,Canal distrib.MARCA,DDI,08:00:00,13:00:00,
9100646871,235,1,8,2,1,IBERICUS CENTRAL,DDI MOLLET,Canal distrib.MARCA,DDI,08:00:00,13:00:00,
9100646871,235,1,8,3,1,IBERICUS CENTRAL,DDI MOLLET,Canal distrib.MARCA,DDI,08:00:00,13:00:00,
9100646871,235,1,8,4,1,IBERICUS CENTRAL,DDI MOLLET,Canal distrib.MARCA,DDI,08:00:00,13:00:00,
9100646871,235,1,8,5,1,IBERICUS CENTRAL,DDI MOLLET,Canal distrib.MARCA,DDI,08:00:00,13:00:00,
9100655372,235,1,8,1,1,PUNT DE TROBADA,DDI MOLLET,Canal distrib.MARCA,DDI,11:30:00,13:00:00,
9100655372,235,1,8,2,1,PUNT DE TROBADA,DDI MOLLET,Canal distrib.MARCA,DDI,11:30:00,13:00:00,
9100655372,235,1,8,3,1,PUNT DE TROBADA,DDI MOLLET,Canal distrib.MARCA,DDI,11:30:00,13:00:00,
9100655372,235,1,8,4,1,PUNT DE TROBADA,DDI MOLLET,Canal distrib.MARCA,DDI,11:30:00,13:00:00,
9100655372,235,1,8,5,1,PUNT DE TROBADA,DDI MOLLET,Canal distrib.MARCA,DDI,11:30:00,13:00:00,
9100664901,235,1,8,1,1,CANTINA IES VIC ST TOMAS,DDI MOLLET,Canal distrib.MARCA,DDI,09:00:00,10:30:00,
9100664901,235,1,8,1,2,CANTINA IES VIC ST TOMAS,DDI MOLLET,Canal distrib.MARCA,DDI,11:30:00,15:00:00,
9100664901,235,1,8,2,1,CANTINA IES VIC ST TOMAS,DDI MOLLET,Canal distrib.MARCA,DDI,09:00:00,10:30:00,
9100664901,235,1,8,2,2,CANTINA IES VIC ST TOMAS,DDI MOLLET,Canal distrib.MARCA,DDI,11:30:00,15:00:00,
9100664901,235,1,8,3,1,CANTINA IES VIC ST TOMAS,DDI MOLLET,Canal distrib.MARCA,DDI,09:00:00,10:30:00,
9100664901,235,1,8,3,2,CANTINA IES VIC ST TOMAS,DDI MOLLET,Canal distrib.MARCA,DDI,11:30:00,15:00:00,
9100664901,235,1,8,4,1,CANTINA IES VIC ST TOMAS,DDI MOLLET,Canal distrib.MARCA,DDI,09:00:00,10:30:00,
9100664901,235,1,8,4,2,CANTINA IES VIC ST TOMAS,DDI MOLLET,Canal distrib.MARCA,DDI,11:30:00,15:00:00,
9100664901,235,1,8,5,1,CANTINA IES VIC ST TOMAS,DDI MOLLET,Canal distrib.MARCA,DDI,09:00:00,10:30:00,
9100664901,235,1,8,5,2,CANTINA IES VIC ST TOMAS,DDI MOLLET,Canal distrib.MARCA,DDI,11:30:00,15:00:00,
9100667988,235,1,8,1,1,Bar Linares,DDI MOLLET,Canal distrib.MARCA,DDI,00:00:00,18:00:00,
9100667988,235,1,8,2,1,Bar Linares,DDI MOLLET,Canal distrib.MARCA,DDI,00:00:00,18:00:00,
9100667988,235,1,8,3,1,Bar Linares,DDI MOLLET,Canal distrib.MARCA,DDI,00:00:00,18:00:00,
9100667988,235,1,8,4,1,Bar Linares,DDI MOLLET,Canal distrib.MARCA,DDI,00:00:00,18:00:00,
9100667988,235,1,8,5,1,Bar Linares,DDI MOLLET,Canal distrib.MARCA,DDI,00:00:00,18:00:00,
9100667988,235,1,8,7,1,Bar Linares,DDI MOLLET,Canal distrib.MARCA,DDI,00:00:00,00:00:00,X
9100668032,235,1,8,1,1,BAR EPORA 2,DDI MOLLET,Canal distrib.MARCA,DDI,00:00:00,18:00:00,
9100668032,235,1,8,2,1,BAR EPORA 2,DDI MOLLET,Canal distrib.MARCA,DDI,00:00:00,18:00:00,
9100668032,235,1,8,3,1,BAR EPORA 2,DDI MOLLET,Canal distrib.MARCA,DDI,00:00:00,18:00:00,
9100668032,235,1,8,4,1,BAR EPORA 2,DDI MOLLET,Canal distrib.MARCA,DDI,00:00:00,18:00:00,
9100668032,235,1,8,5,1,BAR EPORA 2,DDI MOLLET,Canal distrib.MARCA,DDI,00:00:00,18:00:00,
9100668032,235,1,8,7,1,BAR EPORA 2,DDI MOLLET,Canal distrib.MARCA,DDI,00:00:00,00:00:00,X
9100668155,235,1,8,1,1,BAR CATALUNYA 9,DDI MOLLET,Canal distrib.MARCA,DDI,00:00:00,18:00:00,
9100668155,235,1,8,2,1,BAR CATALUNYA 9,DDI MOLLET,Canal distrib.MARCA,DDI,00:00:00,18:00:00,
9100668155,235,1,8,3,1,BAR CATALUNYA 9,DDI MOLLET,Canal distrib.MARCA,DDI,00:00:00,18:00:00,
9100668155,235,1,8,4,1,BAR CATALUNYA 9,DDI MOLLET,Canal distrib.MARCA,DDI,00:00:00,18:00:00,
9100668155,235,1,8,5,1,BAR CATALUNYA 9,DDI MOLLET,Canal distrib.MARCA,DDI,00:00:00,18:00:00,
9100668155,235,1,8,7,1,BAR CATALUNYA 9,DDI MOLLET,Canal distrib.MARCA,DDI,00:00:00,00:00:00,X
9100668322,235,1,8,1,1,La Pruna & Friends,DDI MOLLET,Canal distrib.MARCA,DDI,00:00:00,18:00:00,
9100668322,235,1,8,2,1,La Pruna & Friends,DDI MOLLET,Canal distrib.MARCA,DDI,00:00:00,18:00:00,
9100668322,235,1,8,3,1,La Pruna & Friends,DDI MOLLET,Canal distrib.MARCA,DDI,00:00:00,18:00:00,
9100668322,235,1,8,4,1,La Pruna & Friends,DDI MOLLET,Canal distrib.MARCA,DDI,00:00:00,18:00:00,
9100668322,235,1,8,5,1,La Pruna & Friends,DDI MOLLET,Canal distrib.MARCA,DDI,00:00:00,18:00:00,
9100668322,235,1,8,7,1,La Pruna & Friends,DDI MOLLET,Canal distrib.MARCA,DDI,06:00:00,18:00:00,X
9100668551,235,1,8,1,1,C D MONTORNES DEL VALLES,DDI MOLLET,Canal distrib.MARCA,DDI,00:00:00,18:00:00,
9100668551,235,1,8,2,1,C D MONTORNES DEL VALLES,DDI MOLLET,Canal distrib.MARCA,DDI,00:00:00,18:00:00,
9100668551,235,1,8,3,1,C D MONTORNES DEL VALLES,DDI MOLLET,Canal distrib.MARCA,DDI,00:00:00,18:00:00,
9100668551,235,1,8,4,1,C D MONTORNES DEL VALLES,DDI MOLLET,Canal distrib.MARCA,DDI,00:00:00,18:00:00,
9100668551,235,1,8,5,1,C D MONTORNES DEL VALLES,DDI MOLLET,Canal distrib.MARCA,DDI,00:00:00,18:00:00,
9100668551,235,1,8,7,1,C D MONTORNES DEL VALLES,DDI MOLLET,Canal distrib.MARCA,DDI,00:00:00,00:00:00,X
9100669500,235,1,8,1,1,Bar Restaurant Tres Roses,DDI MOLLET,Canal distrib.MARCA,DDI,00:00:00,18:00:00,
9100669500,235,1,8,2,1,Bar Restaurant Tres Roses,DDI MOLLET,Canal distrib.MARCA,DDI,00:00:00,18:00:00,
9100669500,235,1,8,3,1,Bar Restaurant Tres Roses,DDI MOLLET,Canal distrib.MARCA,DDI,00:00:00,18:00:00,
9100669500,235,1,8,4,1,Bar Restaurant Tres Roses,DDI MOLLET,Canal distrib.MARCA,DDI,00:00:00,18:00:00,
9100669500,235,1,8,5,1,Bar Restaurant Tres Roses,DDI MOLLET,Canal distrib.MARCA,DDI,00:00:00,18:00:00,
9100669500,235,1,8,7,1,Bar Restaurant Tres Roses,DDI MOLLET,Canal distrib.MARCA,DDI,00:00:00,18:00:00,
9100669529,235,1,8,1,1,Cafè Tast Bar,DDI MOLLET,Canal distrib.MARCA,DDI,00:00:00,18:00:00,
9100669529,235,1,8,2,1,Cafè Tast Bar,DDI MOLLET,Canal distrib.MARCA,DDI,00:00:00,18:00:00,
9100669529,235,1,8,3,1,Cafè Tast Bar,DDI MOLLET,Canal distrib.MARCA,DDI,00:00:00,18:00:00,
9100669529,235,1,8,4,1,Cafè Tast Bar,DDI MOLLET,Canal distrib.MARCA,DDI,00:00:00,18:00:00,
9100669529,235,1,8,5,1,Cafè Tast Bar,DDI MOLLET,Canal distrib.MARCA,DDI,00:00:00,18:00:00,
9100669529,235,1,8,7,1,Cafè Tast Bar,DDI MOLLET,Canal distrib.MARCA,DDI,00:00:00,18:00:00,
9100669904,235,1,8,1,1,El Racó d'en Joan,DDI MOLLET,Canal distrib.MARCA,DDI,00:00:00,18:00:00,
9100669904,235,1,8,2,1,El Racó d'en Joan,DDI MOLLET,Canal distrib.MARCA,DDI,00:00:00,18:00:00,
9100669904,235,1,8,3,1,El Racó d'en Joan,DDI MOLLET,Canal distrib.MARCA,DDI,00:00:00,18:00:00,
9100669904,235,1,8,4,1,El Racó d'en Joan,DDI MOLLET,Canal distrib.MARCA,DDI,00:00:00,18:00:00,
9100669904,235,1,8,5,1,El Racó d'en Joan,DDI MOLLET,Canal distrib.MARCA,DDI,00:00:00,18:00:00,
9100669904,235,1,8,7,1,El Racó d'en Joan,DDI MOLLET,Canal distrib.MARCA,DDI,00:00:00,18:00:00,
9100670399,235,1,8,1,1,755_SUBLIME,DDI MOLLET,Canal distrib.MARCA,DDI,00:00:00,18:00:00,
9100670399,235,1,8,2,1,755_SUBLIME,DDI MOLLET,Canal distrib.MARCA,DDI,00:00:00,18:00:00,
9100670399,235,1,8,3,1,755_SUBLIME,DDI MOLLET,Canal distrib.MARCA,DDI,00:00:00,18:00:00,
9100670399,235,1,8,4,1,755_SUBLIME,DDI MOLLET,Canal distrib.MARCA,DDI,00:00:00,18:00:00,
9100670399,235,1,8,5,1,755_SUBLIME,DDI MOLLET,Canal distrib.MARCA,DDI,00:00:00,18:00:00,
9100670399,235,1,8,7,1,755_SUBLIME,DDI MOLLET,Canal distrib.MARCA,DDI,06:00:00,18:00:00,X
9100670427,235,1,8,2,1,La Tasca,DDI MOLLET,Canal distrib.MARCA,DDI,12:30:00,14:30:00,
9100670427,235,1,8,3,1,La Tasca,DDI MOLLET,Canal distrib.MARCA,DDI,12:30:00,14:30:00,
9100670427,235,1,8,4,1,La Tasca,DDI MOLLET,Canal distrib.MARCA,DDI,12:30:00,14:30:00,
9100670427,235,1,8,5,1,La Tasca,DDI MOLLET,Canal distrib.MARCA,DDI,12:30:00,14:30:00,
9100670427,235,1,8,7,1,La Tasca,DDI MOLLET,Canal distrib.MARCA,DDI,06:00:00,18:00:00,X
9100670561,235,1,8,1,1,CLUB FUTBOL MOLLET,DDI MOLLET,Canal distrib.MARCA,DDI,11:00:00,13:00:00,
9100670561,235,1,8,2,1,CLUB FUTBOL MOLLET,DDI MOLLET,Canal distrib.MARCA,DDI,11:00:00,13:00:00,
9100670561,235,1,8,3,1,CLUB FUTBOL MOLLET,DDI MOLLET,Canal distrib.MARCA,DDI,11:00:00,13:00:00,
9100670561,235,1,8,4,1,CLUB FUTBOL MOLLET,DDI MOLLET,Canal distrib.MARCA,DDI,11:00:00,13:00:00,
9100670561,235,1,8,5,1,CLUB FUTBOL MOLLET,DDI MOLLET,Canal distrib.MARCA,DDI,11:00:00,13:00:00,
9100670561,235,1,8,7,1,CLUB FUTBOL MOLLET,DDI MOLLET,Canal distrib.MARCA,DDI,11:00:00,13:00:00,
9100671265,235,1,8,1,1,RESTAURANT GUST D'ASIA,DDI MOLLET,Canal distrib.MARCA,DDI,06:00:00,13:30:00,
9100671265,235,1,8,2,1,RESTAURANT GUST D'ASIA,DDI MOLLET,Canal distrib.MARCA,DDI,11:30:00,13:30:00,
9100671265,235,1,8,3,1,RESTAURANT GUST D'ASIA,DDI MOLLET,Canal distrib.MARCA,DDI,11:30:00,13:30:00,
9100671265,235,1,8,4,1,RESTAURANT GUST D'ASIA,DDI MOLLET,Canal distrib.MARCA,DDI,11:30:00,13:30:00,
9100671265,235,1,8,5,1,RESTAURANT GUST D'ASIA,DDI MOLLET,Canal distrib.MARCA,DDI,11:30:00,13:30:00,
9100671265,235,1,8,7,1,RESTAURANT GUST D'ASIA,DDI MOLLET,Canal distrib.MARCA,DDI,11:30:00,13:30:00,
9100671524,235,1,8,1,1,L´APLEC,DDI MOLLET,Canal distrib.MARCA,DDI,00:00:00,18:00:00,
9100671524,235,1,8,2,1,L´APLEC,DDI MOLLET,Canal distrib.MARCA,DDI,00:00:00,18:00:00,
9100671524,235,1,8,3,1,L´APLEC,DDI MOLLET,Canal distrib.MARCA,DDI,00:00:00,18:00:00,
9100671524,235,1,8,4,1,L´APLEC,DDI MOLLET,Canal distrib.MARCA,DDI,00:00:00,18:00:00,
9100671524,235,1,8,5,1,L´APLEC,DDI MOLLET,Canal distrib.MARCA,DDI,00:00:00,18:00:00,
9100671524,235,1,8,7,1,L´APLEC,DDI MOLLET,Canal distrib.MARCA,DDI,00:00:00,18:00:00,
9100679516,235,1,8,1,1,Asso. Gent Gran Llissa de Munt,DDI MOLLET,Canal distrib.MARCA,DDI,00:00:00,15:00:00,
9100679516,235,1,8,2,1,Asso. Gent Gran Llissa de Munt,DDI MOLLET,Canal distrib.MARCA,DDI,00:00:00,15:00:00,
9100679516,235,1,8,3,1,Asso. Gent Gran Llissa de Munt,DDI MOLLET,Canal distrib.MARCA,DDI,00:00:00,15:00:00,
9100679516,235,1,8,4,1,Asso. Gent Gran Llissa de Munt,DDI MOLLET,Canal distrib.MARCA,DDI,00:00:00,15:00:00,
9100679516,235,1,8,5,1,Asso. Gent Gran Llissa de Munt,DDI MOLLET,Canal distrib.MARCA,DDI,00:00:00,15:00:00,
9100680026,235,1,8,1,1,EL GLAM MOMENTS,DDI MOLLET,Canal distrib.MARCA,DDI,11:15:00,12:30:00,
9100680026,235,1,8,2,1,EL GLAM MOMENTS,DDI MOLLET,Canal distrib.MARCA,DDI,11:15:00,12:30:00,
9100680026,235,1,8,3,1,EL GLAM MOMENTS,DDI MOLLET,Canal distrib.MARCA,DDI,11:15:00,12:30:00,
9100680026,235,1,8,4,1,EL GLAM MOMENTS,DDI MOLLET,Canal distrib.MARCA,DDI,11:15:00,12:30:00,
9100680026,235,1,8,5,1,EL GLAM MOMENTS,DDI MOLLET,Canal distrib.MARCA,DDI,11:15:00,12:30:00,
9100681118,235,1,8,1,1,SERVIMAS SPORT,DDI MOLLET,Canal distrib.MARCA,DDI,08:00:00,13:00:00,
9100681118,235,1,8,2,1,SERVIMAS SPORT,DDI MOLLET,Canal distrib.MARCA,DDI,08:00:00,13:00:00,
9100681118,235,1,8,3,1,SERVIMAS SPORT,DDI MOLLET,Canal distrib.MARCA,DDI,08:00:00,13:00:00,
9100681118,235,1,8,4,1,SERVIMAS SPORT,DDI MOLLET,Canal distrib.MARCA,DDI,08:00:00,13:00:00,
9100681118,235,1,8,5,1,SERVIMAS SPORT,DDI MOLLET,Canal distrib.MARCA,DDI,08:00:00,13:00:00,
9100682415,235,1,8,1,1,TSURUTA RAMEN,DDI MOLLET,Canal distrib.MARCA,DDI,12:00:00,16:00:00,
9100682415,235,1,8,2,1,TSURUTA RAMEN,DDI MOLLET,Canal distrib.MARCA,DDI,12:00:00,16:00:00,
9100682415,235,1,8,3,1,TSURUTA RAMEN,DDI MOLLET,Canal distrib.MARCA,DDI,12:00:00,16:00:00,
9100682415,235,1,8,4,1,TSURUTA RAMEN,DDI MOLLET,Canal distrib.MARCA,DDI,12:00:00,16:00:00,
9100682415,235,1,8,5,1,TSURUTA RAMEN,DDI MOLLET,Canal distrib.MARCA,DDI,12:00:00,16:00:00,
9100685148,235,1,8,1,1,IMPORT EXPORT ALI BABA,DDI MOLLET,Canal distrib.MARCA,DDI,00:00:00,18:00:00,
9100685148,235,1,8,2,1,IMPORT EXPORT ALI BABA,DDI MOLLET,Canal distrib.MARCA,DDI,00:00:00,18:00:00,
9100685148,235,1,8,3,1,IMPORT EXPORT ALI BABA,DDI MOLLET,Canal distrib.MARCA,DDI,00:00:00,18:00:00,
9100685148,235,1,8,4,1,IMPORT EXPORT ALI BABA,DDI MOLLET,Canal distrib.MARCA,DDI,00:00:00,18:00:00,
9100685148,235,1,8,5,1,IMPORT EXPORT ALI BABA,DDI MOLLET,Canal distrib.MARCA,DDI,00:00:00,18:00:00,
9100685148,235,1,8,7,1,IMPORT EXPORT ALI BABA,DDI MOLLET,Canal distrib.MARCA,DDI,00:00:00,18:00:00,
9100685322,235,1,8,1,1,DATOTE AL BAGH,DDI MOLLET,Canal distrib.MARCA,DDI,00:00:00,18:00:00,
9100685322,235,1,8,2,1,DATOTE AL BAGH,DDI MOLLET,Canal distrib.MARCA,DDI,00:00:00,18:00:00,
9100685322,235,1,8,3,1,DATOTE AL BAGH,DDI MOLLET,Canal distrib.MARCA,DDI,00:00:00,18:00:00,
9100685322,235,1,8,4,1,DATOTE AL BAGH,DDI MOLLET,Canal distrib.MARCA,DDI,00:00:00,18:00:00,
9100685322,235,1,8,5,1,DATOTE AL BAGH,DDI MOLLET,Canal distrib.MARCA,DDI,00:00:00,18:00:00,
9100685322,235,1,8,7,1,DATOTE AL BAGH,DDI MOLLET,Canal distrib.MARCA,DDI,00:00:00,18:00:00,
9100685459,235,1,8,1,1,L´EMPORDÀ CATERING & EVENTS,DDI MOLLET,Canal distrib.MARCA,DDI,00:00:00,18:00:00,
9100685459,235,1,8,2,1,L´EMPORDÀ CATERING & EVENTS,DDI MOLLET,Canal distrib.MARCA,DDI,00:00:00,18:00:00,
9100685459,235,1,8,3,1,L´EMPORDÀ CATERING & EVENTS,DDI MOLLET,Canal distrib.MARCA,DDI,00:00:00,18:00:00,
9100685459,235,1,8,4,1,L´EMPORDÀ CATERING & EVENTS,DDI MOLLET,Canal distrib.MARCA,DDI,00:00:00,18:00:00,
9100685459,235,1,8,5,1,L´EMPORDÀ CATERING & EVENTS,DDI MOLLET,Canal distrib.MARCA,DDI,00:00:00,18:00:00,
9100685459,235,1,8,7,1,L´EMPORDÀ CATERING & EVENTS,DDI MOLLET,Canal distrib.MARCA,DDI,00:00:00,18:00:00,
9100685743,235,1,8,1,1,SEVEN DAYS VINZIA,DDI MOLLET,Canal distrib.MARCA,DDI,00:00:00,18:00:00,
9100685743,235,1,8,2,1,SEVEN DAYS VINZIA,DDI MOLLET,Canal distrib.MARCA,DDI,00:00:00,18:00:00,
9100685743,235,1,8,3,1,SEVEN DAYS VINZIA,DDI MOLLET,Canal distrib.MARCA,DDI,00:00:00,18:00:00,
9100685743,235,1,8,4,1,SEVEN DAYS VINZIA,DDI MOLLET,Canal distrib.MARCA,DDI,00:00:00,18:00:00,
9100685743,235,1,8,5,1,SEVEN DAYS VINZIA,DDI MOLLET,Canal distrib.MARCA,DDI,00:00:00,18:00:00,
9100685743,235,1,8,7,1,SEVEN DAYS VINZIA,DDI MOLLET,Canal distrib.MARCA,DDI,00:00:00,18:00:00,
9100685852,235,1,8,1,1,VINOUS,DDI MOLLET,Canal distrib.MARCA,DDI,00:00:00,18:00:00,
9100685852,235,1,8,2,1,VINOUS,DDI MOLLET,Canal distrib.MARCA,DDI,00:00:00,18:00:00,
9100685852,235,1,8,3,1,VINOUS,DDI MOLLET,Canal distrib.MARCA,DDI,00:00:00,18:00:00,
9100685852,235,1,8,4,1,VINOUS,DDI MOLLET,Canal distrib.MARCA,DDI,00:00:00,18:00:00,
9100685852,235,1,8,5,1,VINOUS,DDI MOLLET,Canal distrib.MARCA,DDI,00:00:00,18:00:00,
9100685852,235,1,8,7,1,VINOUS,DDI MOLLET,Canal distrib.MARCA,DDI,00:00:00,18:00:00,
9100686343,235,1,8,1,1,Pool,DDI MOLLET,Canal distrib.MARCA,DDI,09:00:00,09:30:00,
9100686343,235,1,8,2,1,Pool,DDI MOLLET,Canal distrib.MARCA,DDI,09:00:00,09:30:00,
9100686343,235,1,8,3,1,Pool,DDI MOLLET,Canal distrib.MARCA,DDI,09:00:00,09:30:00,
9100686343,235,1,8,4,1,Pool,DDI MOLLET,Canal distrib.MARCA,DDI,09:00:00,09:30:00,
9100686343,235,1,8,5,1,Pool,DDI MOLLET,Canal distrib.MARCA,DDI,09:00:00,09:30:00,
9100686343,235,1,8,7,1,Pool,DDI MOLLET,Canal distrib.MARCA,DDI,09:00:00,09:30:00,
9100686594,235,1,8,1,1,IBERICUS TERRASSA,DDI MOLLET,Canal distrib.MARCA,DDI,00:00:00,18:00:00,
9100686594,235,1,8,2,1,IBERICUS TERRASSA,DDI MOLLET,Canal distrib.MARCA,DDI,00:00:00,18:00:00,
9100686594,235,1,8,3,1,IBERICUS TERRASSA,DDI MOLLET,Canal distrib.MARCA,DDI,00:00:00,18:00:00,
9100686594,235,1,8,4,1,IBERICUS TERRASSA,DDI MOLLET,Canal distrib.MARCA,DDI,00:00:00,18:00:00,
9100686594,235,1,8,5,1,IBERICUS TERRASSA,DDI MOLLET,Canal distrib.MARCA,DDI,00:00:00,18:00:00,
9100686594,235,1,8,7,1,IBERICUS TERRASSA,DDI MOLLET,Canal distrib.MARCA,DDI,00:00:00,18:00:00,
9100686742,235,1,8,1,1,BAR CRISTASOL  (Kebab Esquina),DDI MOLLET,Canal distrib.MARCA,DDI,00:00:00,18:00:00,
9100686742,235,1,8,2,1,BAR CRISTASOL  (Kebab Esquina),DDI MOLLET,Canal distrib.MARCA,DDI,00:00:00,18:00:00,
9100686742,235,1,8,3,1,BAR CRISTASOL  (Kebab Esquina),DDI MOLLET,Canal distrib.MARCA,DDI,00:00:00,18:00:00,
9100686742,235,1,8,4,1,BAR CRISTASOL  (Kebab Esquina),DDI MOLLET,Canal distrib.MARCA,DDI,00:00:00,18:00:00,
9100686742,235,1,8,5,1,BAR CRISTASOL  (Kebab Esquina),DDI MOLLET,Canal distrib.MARCA,DDI,00:00:00,18:00:00,
9100686742,235,1,8,7,1,BAR CRISTASOL  (Kebab Esquina),DDI MOLLET,Canal distrib.MARCA,DDI,00:00:00,18:00:00,
9100687896,235,1,8,1,1,IBERICUS CENTRAL,DDI MOLLET,Canal distrib.MARCA,DDI,00:00:00,18:00:00,
9100687896,235,1,8,2,1,IBERICUS CENTRAL,DDI MOLLET,Canal distrib.MARCA,DDI,00:00:00,18:00:00,
9100687896,235,1,8,3,1,IBERICUS CENTRAL,DDI MOLLET,Canal distrib.MARCA,DDI,00:00:00,18:00:00,
9100687896,235,1,8,4,1,IBERICUS CENTRAL,DDI MOLLET,Canal distrib.MARCA,DDI,00:00:00,18:00:00,
9100687896,235,1,8,5,1,IBERICUS CENTRAL,DDI MOLLET,Canal distrib.MARCA,DDI,00:00:00,18:00:00,
9100687896,235,1,8,7,1,IBERICUS CENTRAL,DDI MOLLET,Canal distrib.MARCA,DDI,00:00:00,18:00:00,
9100688401,235,1,8,1,1,BAR VERTICAL,DDI MOLLET,Canal distrib.MARCA,DDI,00:00:00,18:00:00,
9100688401,235,1,8,2,1,BAR VERTICAL,DDI MOLLET,Canal distrib.MARCA,DDI,00:00:00,18:00:00,
9100688401,235,1,8,3,1,BAR VERTICAL,DDI MOLLET,Canal distrib.MARCA,DDI,00:00:00,18:00:00,
9100688401,235,1,8,4,1,BAR VERTICAL,DDI MOLLET,Canal distrib.MARCA,DDI,00:00:00,18:00:00,
9100688401,235,1,8,5,1,BAR VERTICAL,DDI MOLLET,Canal distrib.MARCA,DDI,00:00:00,18:00:00,
9100688634,235,1,8,1,1,Brown Fox Services,DDI MOLLET,Canal distrib.MARCA,DDI,00:00:00,18:00:00,
9100688634,235,1,8,2,1,Brown Fox Services,DDI MOLLET,Canal distrib.MARCA,DDI,00:00:00,18:00:00,
9100688634,235,1,8,3,1,Brown Fox Services,DDI MOLLET,Canal distrib.MARCA,DDI,00:00:00,18:00:00,
9100688634,235,1,8,4,1,Brown Fox Services,DDI MOLLET,Canal distrib.MARCA,DDI,00:00:00,18:00:00,
9100688634,235,1,8,5,1,Brown Fox Services,DDI MOLLET,Canal distrib.MARCA,DDI,00:00:00,18:00:00,
9100688668,235,1,8,1,1,Kisema,DDI MOLLET,Canal distrib.MARCA,DDI,00:00:00,18:00:00,
9100688668,235,1,8,2,1,Kisema,DDI MOLLET,Canal distrib.MARCA,DDI,00:00:00,18:00:00,
9100688668,235,1,8,3,1,Kisema,DDI MOLLET,Canal distrib.MARCA,DDI,00:00:00,18:00:00,
9100688668,235,1,8,4,1,Kisema,DDI MOLLET,Canal distrib.MARCA,DDI,00:00:00,18:00:00,
9100688668,235,1,8,5,1,Kisema,DDI MOLLET,Canal distrib.MARCA,DDI,00:00:00,18:00:00,
9100688671,235,1,8,1,1,CHICO BAR,DDI MOLLET,Canal distrib.MARCA,DDI,00:00:00,18:00:00,
9100688671,235,1,8,2,1,CHICO BAR,DDI MOLLET,Canal distrib.MARCA,DDI,00:00:00,18:00:00,
9100688671,235,1,8,3,1,CHICO BAR,DDI MOLLET,Canal distrib.MARCA,DDI,00:00:00,18:00:00,
9100688671,235,1,8,4,1,CHICO BAR,DDI MOLLET,Canal distrib.MARCA,DDI,00:00:00,18:00:00,
9100688671,235,1,8,5,1,CHICO BAR,DDI MOLLET,Canal distrib.MARCA,DDI,00:00:00,18:00:00,
9100691361,235,1,8,1,1,JUMPING SEA,DDI MOLLET,Canal distrib.MARCA,DDI,00:00:00,"1 day, 0:00:00",
9100691361,235,1,8,2,1,JUMPING SEA,DDI MOLLET,Canal distrib.MARCA,DDI,00:00:00,"1 day, 0:00:00",
9100691361,235,1,8,3,1,JUMPING SEA,DDI MOLLET,Canal distrib.MARCA,DDI,00:00:00,"1 day, 0:00:00",
9100691361,235,1,8,4,1,JUMPING SEA,DDI MOLLET,Canal distrib.MARCA,DDI,00:00:00,"1 day, 0:00:00",
9100691361,235,1,8,5,1,JUMPING SEA,DDI MOLLET,Canal distrib.MARCA,DDI,00:00:00,"1 day, 0:00:00",
9100692245,235,1,8,1,1,Bar 20 PA K,DDI MOLLET,Canal distrib.MARCA,DDI,00:00:00,18:00:00,
9100692245,235,1,8,2,1,Bar 20 PA K,DDI MOLLET,Canal distrib.MARCA,DDI,00:00:00,18:00:00,
9100692245,235,1,8,3,1,Bar 20 PA K,DDI MOLLET,Canal distrib.MARCA,DDI,00:00:00,18:00:00,
9100692245,235,1,8,4,1,Bar 20 PA K,DDI MOLLET,Canal distrib.MARCA,DDI,00:00:00,18:00:00,
9100692245,235,1,8,5,1,Bar 20 PA K,DDI MOLLET,Canal distrib.MARCA,DDI,00:00:00,18:00:00,
9100694778,235,1,8,1,1,CHAMPANILLO CARDEDEU,DDI MOLLET,Canal distrib.MARCA,DDI,00:00:00,18:00:00,
9100694778,235,1,8,2,1,CHAMPANILLO CARDEDEU,DDI MOLLET,Canal distrib.MARCA,DDI,00:00:00,18:00:00,
9100694778,235,1,8,3,1,CHAMPANILLO CARDEDEU,DDI MOLLET,Canal distrib.MARCA,DDI,00:00:00,18:00:00,
9100694778,235,1,8,4,1,CHAMPANILLO CARDEDEU,DDI MOLLET,Canal distrib.MARCA,DDI,00:00:00,18:00:00,
9100694778,235,1,8,5,1,CHAMPANILLO CARDEDEU,DDI MOLLET,Canal distrib.MARCA,DDI,00:00:00,18:00:00,
9100694798,235,1,8,1,1,BAR CUBO VENTALLO,DDI MOLLET,Canal distrib.MARCA,DDI,00:00:00,18:00:00,
9100694798,235,1,8,2,1,BAR CUBO VENTALLO,DDI MOLLET,Canal distrib.MARCA,DDI,00:00:00,18:00:00,
9100694798,235,1,8,3,1,BAR CUBO VENTALLO,DDI MOLLET,Canal distrib.MARCA,DDI,00:00:00,18:00:00,
9100694798,235,1,8,4,1,BAR CUBO VENTALLO,DDI MOLLET,Canal distrib.MARCA,DDI,00:00:00,18:00:00,
9100694798,235,1,8,5,1,BAR CUBO VENTALLO,DDI MOLLET,Canal distrib.MARCA,DDI,00:00:00,18:00:00,
9100695039,235,1,8,1,1,ENERGY BAR  & RESTAURANTE,DDI MOLLET,Canal distrib.MARCA,DDI,08:45:00,18:00:00,
9100695039,235,1,8,2,1,ENERGY BAR  & RESTAURANTE,DDI MOLLET,Canal distrib.MARCA,DDI,08:45:00,18:00:00,
9100695039,235,1,8,3,1,ENERGY BAR  & RESTAURANTE,DDI MOLLET,Canal distrib.MARCA,DDI,08:45:00,18:00:00,
9100695039,235,1,8,4,1,ENERGY BAR  & RESTAURANTE,DDI MOLLET,Canal distrib.MARCA,DDI,08:45:00,18:00:00,
9100695039,235,1,8,5,1,ENERGY BAR  & RESTAURANTE,DDI MOLLET,Canal distrib.MARCA,DDI,08:45:00,18:00:00,
9100695182,235,1,8,1,1,XURRERIA CAFETERIA GARBER,DDI MOLLET,Canal distrib.MARCA,DDI,00:00:00,18:00:00,
9100695182,235,1,8,2,1,XURRERIA CAFETERIA GARBER,DDI MOLLET,Canal distrib.MARCA,DDI,00:00:00,18:00:00,
9100695182,235,1,8,3,1,XURRERIA CAFETERIA GARBER,DDI MOLLET,Canal distrib.MARCA,DDI,00:00:00,18:00:00,
9100695182,235,1,8,4,1,XURRERIA CAFETERIA GARBER,DDI MOLLET,Canal distrib.MARCA,DDI,00:00:00,18:00:00,
9100695182,235,1,8,5,1,XURRERIA CAFETERIA GARBER,DDI MOLLET,Canal distrib.MARCA,DDI,00:00:00,18:00:00,
9100695278,235,1,8,1,1,EL REFUGI D´EN CUCH,DDI MOLLET,Canal distrib.MARCA,DDI,00:00:00,18:00:00,
9100695278,235,1,8,2,1,EL REFUGI D´EN CUCH,DDI MOLLET,Canal distrib.MARCA,DDI,00:00:00,18:00:00,
9100695278,235,1,8,3,1,EL REFUGI D´EN CUCH,DDI MOLLET,Canal distrib.MARCA,DDI,00:00:00,18:00:00,
9100695278,235,1,8,4,1,EL REFUGI D´EN CUCH,DDI MOLLET,Canal distrib.MARCA,DDI,00:00:00,18:00:00,
9100695278,235,1,8,5,1,EL REFUGI D´EN CUCH,DDI MOLLET,Canal distrib.MARCA,DDI,00:00:00,18:00:00,
9100695810,235,1,8,1,1,NORMAD SANT QUIRZE,DDI MOLLET,Canal distrib.MARCA,DDI,00:00:00,18:00:00,
9100695810,235,1,8,2,1,NORMAD SANT QUIRZE,DDI MOLLET,Canal distrib.MARCA,DDI,00:00:00,18:00:00,
9100695810,235,1,8,3,1,NORMAD SANT QUIRZE,DDI MOLLET,Canal distrib.MARCA,DDI,00:00:00,18:00:00,
9100695810,235,1,8,4,1,NORMAD SANT QUIRZE,DDI MOLLET,Canal distrib.MARCA,DDI,00:00:00,18:00:00,
9100695810,235,1,8,5,1,NORMAD SANT QUIRZE,DDI MOLLET,Canal distrib.MARCA,DDI,00:00:00,18:00:00,
9100695813,235,1,8,1,1,Circuit de Catalunya,DDI MOLLET,Canal distrib.MARCA,DDI,00:00:00,18:00:00,
9100695813,235,1,8,2,1,Circuit de Catalunya,DDI MOLLET,Canal distrib.MARCA,DDI,00:00:00,18:00:00,
9100695813,235,1,8,3,1,Circuit de Catalunya,DDI MOLLET,Canal distrib.MARCA,DDI,06:00:00,18:00:00,
9100695813,235,1,8,4,1,Circuit de Catalunya,DDI MOLLET,Canal distrib.MARCA,DDI,00:00:00,18:00:00,
9100695813,235,1,8,5,1,Circuit de Catalunya,DDI MOLLET,Canal distrib.MARCA,DDI,00:00:00,18:00:00,
9100698323,235,1,8,1,1,SEGUNDO PLATO,DDI MOLLET,Canal distrib.MARCA,DDI,00:00:00,18:00:00,
9100698323,235,1,8,2,1,SEGUNDO PLATO,DDI MOLLET,Canal distrib.MARCA,DDI,00:00:00,18:00:00,
9100698323,235,1,8,3,1,SEGUNDO PLATO,DDI MOLLET,Canal distrib.MARCA,DDI,00:00:00,18:00:00,
9100698323,235,1,8,4,1,SEGUNDO PLATO,DDI MOLLET,Canal distrib.MARCA,DDI,00:00:00,18:00:00,
9100698323,235,1,8,5,1,SEGUNDO PLATO,DDI MOLLET,Canal distrib.MARCA,DDI,00:00:00,18:00:00,
9100698329,235,1,8,1,1,MESON 20 P KA,DDI MOLLET,Canal distrib.MARCA,DDI,00:00:00,18:00:00,
9100698329,235,1,8,2,1,MESON 20 P KA,DDI MOLLET,Canal distrib.MARCA,DDI,00:00:00,18:00:00,
9100698329,235,1,8,3,1,MESON 20 P KA,DDI MOLLET,Canal distrib.MARCA,DDI,00:00:00,18:00:00,
9100698329,235,1,8,4,1,MESON 20 P KA,DDI MOLLET,Canal distrib.MARCA,DDI,00:00:00,18:00:00,
9100698329,235,1,8,5,1,MESON 20 P KA,DDI MOLLET,Canal distrib.MARCA,DDI,00:00:00,18:00:00,
9100698420,235,1,8,1,1,VIKELS,DDI MOLLET,Canal distrib.MARCA,DDI,00:00:00,18:00:00,
9100698420,235,1,8,2,1,VIKELS,DDI MOLLET,Canal distrib.MARCA,DDI,00:00:00,18:00:00,
9100698420,235,1,8,3,1,VIKELS,DDI MOLLET,Canal distrib.MARCA,DDI,00:00:00,18:00:00,
9100698420,235,1,8,4,1,VIKELS,DDI MOLLET,Canal distrib.MARCA,DDI,00:00:00,18:00:00,
9100698420,235,1,8,5,1,VIKELS,DDI MOLLET,Canal distrib.MARCA,DDI,00:00:00,18:00:00,
9100698575,235,1,8,1,1,Fundació Esclerosi Múltiple,DDI MOLLET,Canal distrib.MARCA,DDI,00:00:00,18:00:00,
9100698575,235,1,8,2,1,Fundació Esclerosi Múltiple,DDI MOLLET,Canal distrib.MARCA,DDI,00:00:00,18:00:00,
9100698575,235,1,8,3,1,Fundació Esclerosi Múltiple,DDI MOLLET,Canal distrib.MARCA,DDI,00:00:00,18:00:00,
9100698575,235,1,8,4,1,Fundació Esclerosi Múltiple,DDI MOLLET,Canal distrib.MARCA,DDI,00:00:00,18:00:00,
9100698575,235,1,8,5,1,Fundació Esclerosi Múltiple,DDI MOLLET,Canal distrib.MARCA,DDI,00:00:00,18:00:00,
9100698744,235,1,8,1,1,BAR PRUNERES,DDI MOLLET,Canal distrib.MARCA,DDI,00:00:00,18:00:00,
9100698744,235,1,8,2,1,BAR PRUNERES,DDI MOLLET,Canal distrib.MARCA,DDI,00:00:00,18:00:00,
9100698744,235,1,8,3,1,BAR PRUNERES,DDI MOLLET,Canal distrib.MARCA,DDI,00:00:00,18:00:00,
9100698744,235,1,8,4,1,BAR PRUNERES,DDI MOLLET,Canal distrib.MARCA,DDI,00:00:00,18:00:00,
9100698744,235,1,8,5,1,BAR PRUNERES,DDI MOLLET,Canal distrib.MARCA,DDI,00:00:00,18:00:00,
9100698748,235,1,8,1,1,Bar la lluna,DDI MOLLET,Canal distrib.MARCA,DDI,00:00:00,18:00:00,
9100698748,235,1,8,2,1,Bar la lluna,DDI MOLLET,Canal distrib.MARCA,DDI,00:00:00,18:00:00,
9100698748,235,1,8,3,1,Bar la lluna,DDI MOLLET,Canal distrib.MARCA,DDI,00:00:00,18:00:00,
9100698748,235,1,8,4,1,Bar la lluna,DDI MOLLET,Canal distrib.MARCA,DDI,00:00:00,18:00:00,
9100698748,235,1,8,5,1,Bar la lluna,DDI MOLLET,Canal distrib.MARCA,DDI,00:00:00,18:00:00,
9100698912,235,1,8,1,1,EL SAZON DE ROSARIO,DDI MOLLET,Canal distrib.MARCA,DDI,00:00:00,18:00:00,
9100698912,235,1,8,2,1,EL SAZON DE ROSARIO,DDI MOLLET,Canal distrib.MARCA,DDI,00:00:00,18:00:00,
9100698912,235,1,8,3,1,EL SAZON DE ROSARIO,DDI MOLLET,Canal distrib.MARCA,DDI,00:00:00,18:00:00,
9100698912,235,1,8,4,1,EL SAZON DE ROSARIO,DDI MOLLET,Canal distrib.MARCA,DDI,00:00:00,18:00:00,
9100698912,235,1,8,5,1,EL SAZON DE ROSARIO,DDI MOLLET,Canal distrib.MARCA,DDI,00:00:00,18:00:00,
9100699271,235,1,8,1,1,RESTAURANTE MELARA,DDI MOLLET,Canal distrib.MARCA,DDI,00:00:00,18:00:00,
9100699271,235,1,8,2,1,RESTAURANTE MELARA,DDI MOLLET,Canal distrib.MARCA,DDI,00:00:00,18:00:00,
9100699271,235,1,8,3,1,RESTAURANTE MELARA,DDI MOLLET,Canal distrib.MARCA,DDI,00:00:00,18:00:00,
9100699271,235,1,8,4,1,RESTAURANTE MELARA,DDI MOLLET,Canal distrib.MARCA,DDI,00:00:00,18:00:00,
9100699271,235,1,8,5,1,RESTAURANTE MELARA,DDI MOLLET,Canal distrib.MARCA,DDI,00:00:00,18:00:00,
9100699710,235,1,8,1,1,CAN BIN RESTAURANTE,DDI MOLLET,Canal distrib.MARCA,DDI,00:00:00,18:00:00,
9100699710,235,1,8,2,1,CAN BIN RESTAURANTE,DDI MOLLET,Canal distrib.MARCA,DDI,00:00:00,18:00:00,
9100699710,235,1,8,3,1,CAN BIN RESTAURANTE,DDI MOLLET,Canal distrib.MARCA,DDI,00:00:00,18:00:00,
9100699710,235,1,8,4,1,CAN BIN RESTAURANTE,DDI MOLLET,Canal distrib.MARCA,DDI,00:00:00,18:00:00,
9100699710,235,1,8,5,1,CAN BIN RESTAURANTE,DDI MOLLET,Canal distrib.MARCA,DDI,00:00:00,18:00:00,
9100699983,235,1,8,1,1,bar cafeteria yaki,DDI MOLLET,Canal distrib.MARCA,DDI,00:00:00,18:00:00,
9100699983,235,1,8,2,1,bar cafeteria yaki,DDI MOLLET,Canal distrib.MARCA,DDI,00:00:00,18:00:00,
9100699983,235,1,8,3,1,bar cafeteria yaki,DDI MOLLET,Canal distrib.MARCA,DDI,00:00:00,18:00:00,
9100699983,235,1,8,4,1,bar cafeteria yaki,DDI MOLLET,Canal distrib.MARCA,DDI,00:00:00,18:00:00,
9100699983,235,1,8,5,1,bar cafeteria yaki,DDI MOLLET,Canal distrib.MARCA,DDI,00:00:00,18:00:00,
9100700179,235,1,8,1,1,BAR CAFETERIA ATLAS,DDI MOLLET,Canal distrib.MARCA,DDI,00:00:00,18:00:00,
9100700179,235,1,8,2,1,BAR CAFETERIA ATLAS,DDI MOLLET,Canal distrib.MARCA,DDI,00:00:00,18:00:00,
9100700179,235,1,8,3,1,BAR CAFETERIA ATLAS,DDI MOLLET,Canal distrib.MARCA,DDI,00:00:00,18:00:00,
9100700179,235,1,8,4,1,BAR CAFETERIA ATLAS,DDI MOLLET,Canal distrib.MARCA,DDI,00:00:00,18:00:00,
9100700179,235,1,8,5,1,BAR CAFETERIA ATLAS,DDI MOLLET,Canal distrib.MARCA,DDI,00:00:00,18:00:00,
9100700301,235,1,8,1,1,TROBADA,DDI MOLLET,Canal distrib.MARCA,DDI,00:00:00,18:00:00,
9100700301,235,1,8,2,1,TROBADA,DDI MOLLET,Canal distrib.MARCA,DDI,00:00:00,18:00:00,
9100700301,235,1,8,3,1,TROBADA,DDI MOLLET,Canal distrib.MARCA,DDI,00:00:00,18:00:00,
9100700301,235,1,8,4,1,TROBADA,DDI MOLLET,Canal distrib.MARCA,DDI,00:00:00,18:00:00,
9100700301,235,1,8,5,1,TROBADA,DDI MOLLET,Canal distrib.MARCA,DDI,00:00:00,18:00:00,
9100700812,235,1,8,1,1,SUPER NABILA PARETS,DDI MOLLET,Canal distrib.MARCA,DDI,00:00:00,18:00:00,
9100700812,235,1,8,2,1,SUPER NABILA PARETS,DDI MOLLET,Canal distrib.MARCA,DDI,00:00:00,18:00:00,
9100700812,235,1,8,3,1,SUPER NABILA PARETS,DDI MOLLET,Canal distrib.MARCA,DDI,00:00:00,18:00:00,
9100700812,235,1,8,4,1,SUPER NABILA PARETS,DDI MOLLET,Canal distrib.MARCA,DDI,00:00:00,18:00:00,
9100700812,235,1,8,5,1,SUPER NABILA PARETS,DDI MOLLET,Canal distrib.MARCA,DDI,00:00:00,18:00:00,
9100700874,235,1,8,1,1,DÉJÀ VU,DDI MOLLET,Canal distrib.MARCA,DDI,00:00:00,18:00:00,
9100700874,235,1,8,2,1,DÉJÀ VU,DDI MOLLET,Canal distrib.MARCA,DDI,00:00:00,18:00:00,
9100700874,235,1,8,3,1,DÉJÀ VU,DDI MOLLET,Canal distrib.MARCA,DDI,00:00:00,18:00:00,
9100700874,235,1,8,4,1,DÉJÀ VU,DDI MOLLET,Canal distrib.MARCA,DDI,00:00:00,18:00:00,
9100700874,235,1,8,5,1,DÉJÀ VU,DDI MOLLET,Canal distrib.MARCA,DDI,00:00:00,18:00:00,
9100701008,235,1,8,1,1,OMNIUM CULTURAL,DDI MOLLET,Canal distrib.MARCA,DDI,00:00:00,18:00:00,
9100701008,235,1,8,2,1,OMNIUM CULTURAL,DDI MOLLET,Canal distrib.MARCA,DDI,00:00:00,18:00:00,
9100701008,235,1,8,3,1,OMNIUM CULTURAL,DDI MOLLET,Canal distrib.MARCA,DDI,00:00:00,18:00:00,
9100701008,235,1,8,4,1,OMNIUM CULTURAL,DDI MOLLET,Canal distrib.MARCA,DDI,00:00:00,18:00:00,
9100701008,235,1,8,5,1,OMNIUM CULTURAL,DDI MOLLET,Canal distrib.MARCA,DDI,00:00:00,18:00:00,
9100701103,235,1,8,1,1,UDON GRANOLLERS,DDI MOLLET,Canal distrib.MARCA,DDI,09:00:00,12:00:00,
9100701103,235,1,8,2,1,UDON GRANOLLERS,DDI MOLLET,Canal distrib.MARCA,DDI,09:00:00,12:00:00,
9100701103,235,1,8,3,1,UDON GRANOLLERS,DDI MOLLET,Canal distrib.MARCA,DDI,09:00:00,12:00:00,
9100701103,235,1,8,4,1,UDON GRANOLLERS,DDI MOLLET,Canal distrib.MARCA,DDI,09:00:00,12:00:00,
9100701103,235,1,8,5,1,UDON GRANOLLERS,DDI MOLLET,Canal distrib.MARCA,DDI,09:00:00,12:00:00,
9100701166,235,1,8,1,1,NOVA PALMERA,DDI MOLLET,Canal distrib.MARCA,DDI,00:00:00,18:00:00,
9100701166,235,1,8,2,1,NOVA PALMERA,DDI MOLLET,Canal distrib.MARCA,DDI,00:00:00,18:00:00,
9100701166,235,1,8,3,1,NOVA PALMERA,DDI MOLLET,Canal distrib.MARCA,DDI,00:00:00,18:00:00,
9100701166,235,1,8,4,1,NOVA PALMERA,DDI MOLLET,Canal distrib.MARCA,DDI,00:00:00,18:00:00,
9100701166,235,1,8,5,1,NOVA PALMERA,DDI MOLLET,Canal distrib.MARCA,DDI,00:00:00,18:00:00,
9100701217,235,1,8,1,1,BACROM,DDI MOLLET,Canal distrib.MARCA,DDI,06:00:00,18:00:00,
9100701217,235,1,8,2,1,BACROM,DDI MOLLET,Canal distrib.MARCA,DDI,00:00:00,18:00:00,
9100701217,235,1,8,3,1,BACROM,DDI MOLLET,Canal distrib.MARCA,DDI,00:00:00,18:00:00,
9100701217,235,1,8,4,1,BACROM,DDI MOLLET,Canal distrib.MARCA,DDI,00:00:00,18:00:00,
9100701217,235,1,8,5,1,BACROM,DDI MOLLET,Canal distrib.MARCA,DDI,00:00:00,18:00:00,
9100701291,235,1,8,1,1,BAR BRICOLAJE DEPOT,DDI MOLLET,Canal distrib.MARCA,DDI,00:00:00,18:00:00,
9100701291,235,1,8,2,1,BAR BRICOLAJE DEPOT,DDI MOLLET,Canal distrib.MARCA,DDI,00:00:00,18:00:00,
9100701291,235,1,8,3,1,BAR BRICOLAJE DEPOT,DDI MOLLET,Canal distrib.MARCA,DDI,00:00:00,18:00:00,
9100701291,235,1,8,4,1,BAR BRICOLAJE DEPOT,DDI MOLLET,Canal distrib.MARCA,DDI,00:00:00,18:00:00,
9100701291,235,1,8,5,1,BAR BRICOLAJE DEPOT,DDI MOLLET,Canal distrib.MARCA,DDI,00:00:00,18:00:00,
9100701839,235,1,8,1,1,BAR LAS DELICIAS,DDI MOLLET,Canal distrib.MARCA,DDI,00:00:00,18:00:00,
9100701839,235,1,8,2,1,BAR LAS DELICIAS,DDI MOLLET,Canal distrib.MARCA,DDI,00:00:00,18:00:00,
9100701839,235,1,8,3,1,BAR LAS DELICIAS,DDI MOLLET,Canal distrib.MARCA,DDI,00:00:00,18:00:00,
9100701839,235,1,8,4,1,BAR LAS DELICIAS,DDI MOLLET,Canal distrib.MARCA,DDI,00:00:00,18:00:00,
9100701839,235,1,8,5,1,BAR LAS DELICIAS,DDI MOLLET,Canal distrib.MARCA,DDI,00:00:00,18:00:00,
9100701840,235,1,8,1,1,HIPER VALLÈS,DDI MOLLET,Canal distrib.MARCA,DDI,00:00:00,18:00:00,
9100701840,235,1,8,2,1,HIPER VALLÈS,DDI MOLLET,Canal distrib.MARCA,DDI,00:00:00,18:00:00,
9100701840,235,1,8,3,1,HIPER VALLÈS,DDI MOLLET,Canal distrib.MARCA,DDI,00:00:00,18:00:00,
9100701840,235,1,8,4,1,HIPER VALLÈS,DDI MOLLET,Canal distrib.MARCA,DDI,00:00:00,18:00:00,
9100701840,235,1,8,5,1,HIPER VALLÈS,DDI MOLLET,Canal distrib.MARCA,DDI,00:00:00,18:00:00,
9100702482,235,1,8,1,1,TAPES GRANOLLERS PICA VINS,DDI MOLLET,Canal distrib.MARCA,DDI,00:00:00,18:00:00,
9100702482,235,1,8,2,1,TAPES GRANOLLERS PICA VINS,DDI MOLLET,Canal distrib.MARCA,DDI,00:00:00,18:00:00,
9100702482,235,1,8,3,1,TAPES GRANOLLERS PICA VINS,DDI MOLLET,Canal distrib.MARCA,DDI,00:00:00,18:00:00,
9100702482,235,1,8,4,1,TAPES GRANOLLERS PICA VINS,DDI MOLLET,Canal distrib.MARCA,DDI,00:00:00,18:00:00,
9100702482,235,1,8,5,1,TAPES GRANOLLERS PICA VINS,DDI MOLLET,Canal distrib.MARCA,DDI,00:00:00,18:00:00,
9100702903,235,1,8,1,1,CINQUINO,DDI MOLLET,Canal distrib.MARCA,DDI,00:00:00,18:00:00,
9100702903,235,1,8,2,1,CINQUINO,DDI MOLLET,Canal distrib.MARCA,DDI,00:00:00,18:00:00,
9100702903,235,1,8,3,1,CINQUINO,DDI MOLLET,Canal distrib.MARCA,DDI,00:00:00,18:00:00,
9100702903,235,1,8,4,1,CINQUINO,DDI MOLLET,Canal distrib.MARCA,DDI,00:00:00,18:00:00,
9100702903,235,1,8,5,1,CINQUINO,DDI MOLLET,Canal distrib.MARCA,DDI,00:00:00,18:00:00,
9100702913,235,1,8,1,1,BAR MARIA,DDI MOLLET,Canal distrib.MARCA,DDI,00:00:00,18:00:00,
9100702913,235,1,8,2,1,BAR MARIA,DDI MOLLET,Canal distrib.MARCA,DDI,00:00:00,18:00:00,
9100702913,235,1,8,3,1,BAR MARIA,DDI MOLLET,Canal distrib.MARCA,DDI,00:00:00,18:00:00,
9100702913,235,1,8,4,1,BAR MARIA,DDI MOLLET,Canal distrib.MARCA,DDI,00:00:00,18:00:00,
9100702913,235,1,8,5,1,BAR MARIA,DDI MOLLET,Canal distrib.MARCA,DDI,00:00:00,18:00:00,
9100702970,235,1,8,1,1,KAPHIY BRUNCH,DDI MOLLET,Canal distrib.MARCA,DDI,00:00:00,18:00:00,
9100702970,235,1,8,2,1,KAPHIY BRUNCH,DDI MOLLET,Canal distrib.MARCA,DDI,00:00:00,18:00:00,
9100702970,235,1,8,3,1,KAPHIY BRUNCH,DDI MOLLET,Canal distrib.MARCA,DDI,00:00:00,18:00:00,
9100702970,235,1,8,4,1,KAPHIY BRUNCH,DDI MOLLET,Canal distrib.MARCA,DDI,00:00:00,18:00:00,
9100702970,235,1,8,5,1,KAPHIY BRUNCH,DDI MOLLET,Canal distrib.MARCA,DDI,00:00:00,18:00:00,
9100733214,235,1,8,1,1,BAR VAGON 66,DDI MOLLET,Canal distrib.MARCA,DDI,00:00:00,00:00:00,X
9100735762,235,1,8,1,1,Granollers Indian Restaurante,DDI MOLLET,Canal distrib.MARCA,DDI,12:30:00,16:00:00,
9100735762,235,1,8,2,1,Granollers Indian Restaurante,DDI MOLLET,Canal distrib.MARCA,DDI,12:30:00,16:00:00,
9100735762,235,1,8,3,1,Granollers Indian Restaurante,DDI MOLLET,Canal distrib.MARCA,DDI,12:30:00,16:00:00,
9100735762,235,1,8,4,1,Granollers Indian Restaurante,DDI MOLLET,Canal distrib.MARCA,DDI,12:30:00,16:00:00,
9100735762,235,1,8,5,1,Granollers Indian Restaurante,DDI MOLLET,Canal distrib.MARCA,DDI,12:30:00,16:00:00,
9100774895,235,1,8,1,1,CATERING SPAIN,DDI MOLLET,Canal distrib.MARCA,DDI,09:30:00,14:00:00,
9100774895,235,1,8,2,1,CATERING SPAIN,DDI MOLLET,Canal distrib.MARCA,DDI,09:30:00,14:00:00,
9100774895,235,1,8,3,1,CATERING SPAIN,DDI MOLLET,Canal distrib.MARCA,DDI,09:30:00,14:00:00,
9100774895,235,1,8,4,1,CATERING SPAIN,DDI MOLLET,Canal distrib.MARCA,DDI,09:30:00,14:00:00,
9100774895,235,1,8,5,1,CATERING SPAIN,DDI MOLLET,Canal distrib.MARCA,DDI,09:30:00,14:00:00,
